,quyu,home_num,size,chaoxiang,jianzao,tags,city
0,0,3,76.0,0,1990.0,1,0
1,1,3,70.0,0,2000.0,1,0
2,0,3,64.4,0,1999.0,1,0
4,0,2,98.0,0,1998.0,1,0
5,1,3,95.2,0,2000.0,1,0
6,1,2,76.9,0,1994.0,1,0
8,1,3,100.0,1,2000.0,1,0
9,1,3,80.4,0,2008.0,0,0
10,0,3,88.9,1,2000.0,1,0
11,0,3,45.4,1,2005.0,1,0
13,1,2,67.1,1,1997.0,1,0
14,1,2,69.1,2,2003.0,1,0
15,1,2,72.4,1,2002.0,1,0
17,0,4,129.6,0,1999.0,1,0
18,1,3,86.5,0,2000.0,1,0
19,1,3,131.0,3,1997.0,1,0
21,1,3,90.8,3,2002.0,1,0
22,1,3,113.4,4,2000.0,1,0
23,0,3,136.1,0,2004.0,0,0
24,1,3,102.5,0,2007.0,1,0
26,0,2,74.3,0,2000.0,1,0
27,1,2,72.2,0,2000.0,1,0
28,1,3,88.6,3,2006.0,1,0
30,0,3,137.2,0,2007.0,1,0
31,2,3,87.7,1,2009.0,0,0
32,0,3,137.9,0,2008.0,0,0
33,0,2,50.1,1,2000.0,1,0
35,2,4,96.7,1,2019.0,1,0
36,1,2,66.1,2,1996.0,1,0
37,0,3,95.7,1,1992.0,1,0
39,0,3,123.8,5,2001.0,1,0
40,0,2,62.4,0,2000.0,1,0
41,0,3,174.2,5,2010.0,1,0
43,0,3,91.3,5,1990.0,1,0
44,0,3,93.0,0,2000.0,1,0
45,0,3,124.0,0,2000.0,0,0
46,3,3,106.3,0,2018.0,0,0
48,0,3,88.1,0,1997.0,0,0
49,1,3,90.9,5,2003.0,1,0
50,0,3,82.3,0,2000.0,1,0
52,0,2,76.1,6,2003.0,1,0
53,0,2,72.9,6,2008.0,1,0
54,4,3,114.6,0,2016.0,1,0
55,0,3,89.5,5,2011.0,0,0
57,1,2,73.0,0,1999.0,1,0
58,0,2,95.0,1,2003.0,1,0
59,4,2,89.4,1,2011.0,0,0
61,0,3,69.2,6,1993.0,1,0
62,0,2,64.5,5,2000.0,1,0
63,0,1,59.0,1,2006.0,1,0
65,4,2,84.4,1,2002.0,1,0
66,0,3,101.0,3,1997.0,1,0
67,4,2,90.5,3,2000.0,1,0
68,2,3,89.3,1,2016.0,1,0
70,0,3,73.8,0,1993.0,1,0
71,5,3,89.7,0,2000.0,1,0
72,0,3,116.1,0,2000.0,1,0
74,0,4,550.6,3,2012.0,0,0
75,2,3,89.1,3,2010.0,1,0
76,1,3,88.0,0,2000.0,1,0
77,2,3,125.2,1,2015.0,1,0
78,0,3,105.7,0,2002.0,1,0
79,0,5,174.3,0,2015.0,1,0
80,2,3,88.0,0,2013.0,0,0
81,1,3,123.4,0,2005.0,1,0
82,0,3,101.4,7,2007.0,1,0
83,4,2,100.6,0,2016.0,1,0
84,1,3,122.6,1,2000.0,1,0
86,1,6,181.1,0,2007.0,1,0
87,1,3,75.4,1,2000.0,1,0
88,0,2,75.4,0,2000.0,0,0
89,1,2,71.0,0,1996.0,1,0
91,1,5,181.9,0,2000.0,1,0
92,3,3,107.2,0,2017.0,0,0
93,2,3,82.1,0,2019.0,0,0
94,4,2,81.8,0,2002.0,1,0
95,1,2,63.1,0,1996.0,1,0
96,0,3,118.7,0,2000.0,0,0
97,0,4,210.7,0,2002.0,1,0
98,1,3,102.6,0,1998.0,1,0
99,3,3,96.0,1,2016.0,0,0
100,0,3,115.5,0,2004.0,1,0
101,2,3,88.7,0,2016.0,1,0
102,0,1,58.3,1,2011.0,1,0
103,0,3,77.1,4,1996.0,1,0
104,0,1,57.1,8,2011.0,0,0
105,0,3,127.8,0,2001.0,1,0
107,0,4,179.8,4,2011.0,1,0
108,0,3,85.6,0,2002.0,1,0
109,4,2,97.8,2,2000.0,1,0
110,0,4,185.2,0,2007.0,1,0
111,5,2,72.7,0,2014.0,1,0
112,3,3,106.3,0,2019.0,0,0
113,5,3,89.0,0,2000.0,1,0
114,0,3,153.7,0,2009.0,1,0
115,2,4,125.1,0,2010.0,0,0
116,0,5,157.7,0,2000.0,1,0
117,2,3,89.1,3,2013.0,1,0
118,1,3,87.4,0,2000.0,1,0
120,1,4,111.0,0,1998.0,1,0
121,4,3,112.2,0,2006.0,1,0
122,0,3,82.0,3,2006.0,1,0
123,5,2,74.8,5,2015.0,0,0
125,0,3,86.4,0,1996.0,1,0
126,0,3,131.5,0,2000.0,1,0
127,0,4,156.1,3,2007.0,1,0
128,1,2,67.2,0,2000.0,1,0
129,2,4,128.4,1,2000.0,1,0
130,0,4,162.7,5,2006.0,1,0
132,0,3,62.3,0,1993.0,1,0
133,2,2,83.8,0,2007.0,1,0
135,4,3,91.6,1,2012.0,1,0
136,1,3,93.5,0,2002.0,1,0
137,0,4,146.1,7,1996.0,1,0
139,1,3,92.7,0,2005.0,1,0
140,0,6,188.7,0,2006.0,1,0
141,2,3,89.2,1,1998.0,1,0
142,0,2,60.0,0,2000.0,1,0
143,2,3,86.7,1,2016.0,0,0
144,3,3,106.4,0,2016.0,0,0
145,1,3,140.7,0,2016.0,1,0
146,5,3,92.3,1,2017.0,0,0
147,0,2,62.9,0,1994.0,1,0
148,0,2,84.3,1,2002.0,1,0
149,1,3,107.5,0,2000.0,1,0
150,0,4,152.4,0,2006.0,0,0
151,2,2,86.7,0,2013.0,1,0
152,1,3,87.0,3,2006.0,1,0
153,1,3,88.5,0,2000.0,1,0
154,4,3,108.9,0,2000.0,1,0
155,0,3,80.7,0,1998.0,1,0
156,1,3,88.0,5,2000.0,1,0
157,0,2,89.6,0,2005.0,1,0
158,0,2,84.8,0,2000.0,1,0
159,0,2,80.4,1,1997.0,1,0
160,4,4,124.7,1,2017.0,1,0
161,4,2,86.0,1,2014.0,1,0
162,1,3,81.1,0,2007.0,1,0
164,5,2,89.9,0,2016.0,0,0
165,3,3,88.1,1,2017.0,0,0
166,0,1,40.3,7,2005.0,1,0
167,3,3,87.5,1,2017.0,0,0
168,0,3,80.7,0,1995.0,1,0
169,0,3,94.8,0,2002.0,1,0
170,0,2,93.7,0,2000.0,1,0
171,2,3,91.0,1,2008.0,0,0
172,1,3,76.7,0,2007.0,1,0
173,1,2,71.7,6,2008.0,1,0
174,0,3,97.7,2,1997.0,1,0
175,1,3,92.5,0,2002.0,1,0
176,2,3,88.3,0,2017.0,0,0
177,0,2,63.3,0,1997.0,1,0
178,0,2,67.9,1,1996.0,1,0
179,2,3,87.9,0,2009.0,0,0
180,0,2,74.4,1,1996.0,1,0
181,2,3,90.1,0,1999.0,1,0
182,0,3,120.8,0,2011.0,1,0
183,2,2,89.6,0,2015.0,1,0
184,2,3,76.3,0,1988.0,0,0
185,0,5,269.3,3,2008.0,1,0
186,1,3,112.9,0,2002.0,1,0
187,1,2,66.0,1,1999.0,1,0
188,0,3,98.0,1,1992.0,1,0
189,0,3,113.1,0,2003.0,1,0
190,4,3,114.2,3,2000.0,1,0
191,0,4,133.7,0,2000.0,1,0
192,0,2,92.1,5,2003.0,1,0
193,0,3,130.0,7,2009.0,1,0
194,0,2,76.2,0,1996.0,1,0
195,0,5,190.7,0,2003.0,1,0
196,0,3,103.7,0,2007.0,1,0
197,0,3,90.0,0,1998.0,1,0
198,5,2,72.8,1,2014.0,0,0
199,2,2,84.7,1,2014.0,0,0
200,1,3,95.0,0,2000.0,1,0
201,0,3,86.7,3,2000.0,0,0
202,1,3,77.2,3,2000.0,1,0
203,0,2,53.3,9,2000.0,1,0
204,0,2,63.0,0,1992.0,1,0
205,0,3,92.6,0,1993.0,1,0
206,0,2,85.0,0,2000.0,1,0
207,0,5,212.6,0,2007.0,1,0
208,0,2,63.0,0,1996.0,1,0
209,1,2,71.6,1,2000.0,1,0
210,2,3,111.5,0,2000.0,1,0
211,1,2,86.0,1,2000.0,1,0
212,0,2,82.9,0,1996.0,1,0
213,1,2,69.4,1,2000.0,1,0
214,0,3,90.0,0,2000.0,1,0
215,1,4,178.0,0,2014.0,0,0
216,1,3,115.5,0,1994.0,1,0
217,0,3,103.5,0,1990.0,1,0
218,1,3,115.5,0,2000.0,1,0
219,0,2,97.8,1,2007.0,1,0
220,5,4,183.0,0,2015.0,0,0
221,0,2,64.2,0,1993.0,1,0
222,0,2,60.1,0,1986.0,1,0
223,0,2,51.6,0,1981.0,1,0
224,5,3,86.4,1,2018.0,0,0
225,3,2,74.2,1,2017.0,0,0
226,1,3,73.9,1,2000.0,1,0
227,1,2,73.0,1,2000.0,1,0
228,1,4,98.0,0,2000.0,1,0
229,0,2,71.5,0,1995.0,1,0
230,1,2,64.3,0,1995.0,1,0
231,3,2,85.7,1,2009.0,0,0
232,3,3,120.2,0,2004.0,0,0
233,1,2,84.8,0,2001.0,1,0
234,5,3,101.0,0,2017.0,0,0
235,0,2,74.6,0,2000.0,1,0
236,6,3,86.3,0,2016.0,0,0
237,0,4,126.3,0,2006.0,1,0
238,1,3,99.7,1,2002.0,1,0
239,0,1,45.8,0,1991.0,1,0
240,0,2,66.1,0,2007.0,1,0
241,1,2,71.2,1,2000.0,1,0
242,0,2,87.8,2,2016.0,1,0
243,5,4,116.3,2,2017.0,0,0
244,1,3,113.8,0,2000.0,1,0
245,5,2,76.9,1,2015.0,1,0
246,6,3,72.6,0,2009.0,0,0
247,3,2,74.2,1,2017.0,0,0
248,0,2,65.0,0,1995.0,1,0
249,2,3,74.1,0,2004.0,0,0
250,0,2,66.5,1,2006.0,1,0
251,1,3,80.7,0,2016.0,1,0
252,1,2,72.6,1,2000.0,1,0
253,0,2,62.7,0,1987.0,1,0
254,0,1,51.4,2,2005.0,1,0
255,1,2,62.1,0,2000.0,1,0
256,0,3,106.3,0,1999.0,1,0
257,1,3,106.6,0,2000.0,1,0
258,1,3,86.5,0,2000.0,1,0
259,0,5,134.1,0,2004.0,1,0
260,0,6,217.1,0,2005.0,1,0
261,0,1,58.9,5,2009.0,1,0
262,0,4,155.9,0,1999.0,1,0
263,1,2,83.6,1,2008.0,1,0
264,1,3,133.5,0,2003.0,1,0
265,0,5,190.5,0,2000.0,1,0
266,5,2,78.8,0,2015.0,0,0
267,1,3,85.7,1,2009.0,1,0
268,1,3,87.0,1,2000.0,1,0
269,1,2,77.7,8,2007.0,1,0
270,1,4,93.0,0,2018.0,1,0
271,0,3,116.4,0,1996.0,1,0
272,0,3,91.8,0,1998.0,1,0
273,0,2,50.8,0,1987.0,1,0
274,1,3,78.0,0,1994.0,1,0
275,0,6,297.2,0,2005.0,1,0
276,0,2,61.8,0,1986.0,1,0
277,0,2,84.0,0,2007.0,1,0
278,1,3,77.2,1,2000.0,1,0
279,0,3,99.0,0,2000.0,0,0
280,1,2,72.0,1,2000.0,1,0
281,1,4,85.4,0,2010.0,1,0
282,0,2,43.2,0,1983.0,1,0
283,0,3,56.0,0,2009.0,1,0
284,0,3,93.8,0,1999.0,1,0
285,2,2,80.4,0,2020.0,1,0
286,3,2,74.2,1,2017.0,0,0
287,1,2,71.4,1,2018.0,1,0
288,0,2,78.7,0,1998.0,1,0
289,1,4,103.8,0,2006.0,1,0
290,0,4,133.9,0,2001.0,1,0
291,0,3,114.5,0,2004.0,1,0
292,1,2,73.1,1,2000.0,1,0
293,0,2,48.6,0,1991.0,1,0
294,0,4,133.5,0,2018.0,1,0
295,1,3,72.8,0,2000.0,1,0
296,1,3,122.0,1,1997.0,1,0
297,0,2,53.8,0,2008.0,1,0
298,0,3,135.6,0,2000.0,1,0
299,1,2,88.0,0,1997.0,1,0
300,6,2,71.0,1,2016.0,0,0
301,1,4,118.7,4,2003.0,1,0
302,0,2,105.9,0,2003.0,1,0
303,0,2,73.0,0,2000.0,1,0
304,6,3,118.0,1,2009.0,0,0
305,6,2,65.4,0,2010.0,0,0
306,0,2,89.5,5,2003.0,1,0
307,1,3,57.0,0,2007.0,1,0
308,0,3,120.5,5,1998.0,1,0
309,0,2,64.6,0,2003.0,1,0
310,4,2,89.7,0,2010.0,1,0
311,0,3,115.2,0,2005.0,1,0
312,1,3,95.8,0,1998.0,1,0
313,4,3,90.5,0,2010.0,1,0
314,0,4,150.1,0,1997.0,1,0
315,1,3,88.3,0,2016.0,1,0
316,0,3,136.8,2,2015.0,1,0
317,6,3,108.0,0,2015.0,0,0
318,1,3,106.3,1,2017.0,1,0
319,0,3,104.0,3,1992.0,1,0
320,1,2,73.6,0,2000.0,1,0
321,1,4,131.6,1,2000.0,1,0
322,1,3,81.0,0,1999.0,1,0
323,2,3,89.1,0,2015.0,1,0
324,0,3,125.0,0,2002.0,1,0
325,0,3,156.6,0,2007.0,1,0
326,1,2,89.9,3,1996.0,1,0
327,1,2,58.1,1,1996.0,1,0
328,0,4,124.5,0,1997.0,1,0
329,0,3,151.5,3,2002.0,1,0
330,0,3,133.8,2,2005.0,1,0
331,1,3,125.8,0,2000.0,1,0
332,1,2,95.3,4,2010.0,1,0
333,1,3,96.6,0,2010.0,1,0
334,1,3,135.3,0,2010.0,1,0
335,2,3,82.8,1,2005.0,1,0
336,0,1,42.5,0,1976.0,1,0
337,0,3,104.7,0,2002.0,1,0
338,1,2,51.3,2,2004.0,1,0
339,1,3,101.3,1,2000.0,1,0
340,0,4,93.2,0,1998.0,1,0
341,0,3,158.9,0,2014.0,1,0
342,2,3,125.9,1,2014.0,1,0
343,1,2,90.8,0,2014.0,1,0
344,4,1,52.0,3,2006.0,1,0
345,0,3,106.0,0,1997.0,1,0
346,2,5,97.4,0,2017.0,1,0
347,0,3,112.6,3,2000.0,1,0
348,4,4,128.7,0,2019.0,1,0
349,0,4,101.0,0,1998.0,1,0
350,0,2,103.0,0,2009.0,1,0
351,0,3,129.3,0,2000.0,0,0
352,2,3,88.9,1,2000.0,1,0
353,1,4,135.1,1,2000.0,1,0
354,2,4,96.7,0,2017.0,1,0
355,2,3,90.4,5,2015.0,1,0
356,0,4,162.3,0,2007.0,1,0
357,0,2,48.8,0,1996.0,1,0
358,1,3,99.7,0,2002.0,1,0
359,2,4,97.5,0,2016.0,1,0
360,0,4,153.3,0,2006.0,1,0
361,0,3,79.9,0,2002.0,1,0
362,1,3,83.7,0,2018.0,1,0
363,6,4,127.8,0,2015.0,0,0
364,0,4,134.6,0,2008.0,1,0
365,0,4,100.0,0,1993.0,1,0
366,0,2,47.6,7,2010.0,1,0
367,0,2,56.0,8,2006.0,1,0
368,0,4,151.3,0,2011.0,1,0
369,0,3,104.1,0,2003.0,1,0
370,0,3,135.1,0,2007.0,0,0
371,0,3,135.5,1,2007.0,0,0
372,1,3,114.6,0,2009.0,1,0
373,0,2,68.7,0,2000.0,0,0
374,0,2,98.4,1,2013.0,1,0
375,4,3,108.8,0,2000.0,1,0
376,1,3,116.4,6,2008.0,1,0
377,0,1,51.1,1,2008.0,1,0
378,0,3,68.1,0,1984.0,1,0
379,1,1,66.8,5,2009.0,1,0
380,0,3,153.7,0,2010.0,1,0
381,1,2,84.7,1,2011.0,1,0
382,2,4,96.6,0,2015.0,1,0
383,0,3,130.8,6,2005.0,0,0
384,1,1,45.1,1,2000.0,1,0
385,0,6,172.3,0,2008.0,1,0
386,0,2,50.1,0,1983.0,1,0
387,2,3,88.2,1,2000.0,1,0
388,0,1,40.0,1,1988.0,1,0
389,0,1,41.6,0,1987.0,1,0
390,1,3,113.0,0,1996.0,1,0
391,1,3,104.3,0,2016.0,1,0
392,1,2,64.3,0,1990.0,1,0
393,4,3,113.9,0,2007.0,1,0
394,4,2,81.0,0,2000.0,1,0
395,2,3,88.1,0,2012.0,0,0
396,2,4,86.3,1,2010.0,0,0
397,1,2,50.0,0,2000.0,1,0
398,1,3,52.2,2,2006.0,1,0
399,0,5,185.3,0,1992.0,1,0
400,2,3,90.0,1,2015.0,1,0
401,1,3,56.9,0,1987.0,1,0
402,0,1,49.1,5,2004.0,1,0
403,1,2,48.0,1,2004.0,1,0
404,1,4,127.4,6,2008.0,1,0
405,0,3,125.3,0,2000.0,1,0
406,0,4,175.1,5,2006.0,1,0
407,2,3,87.5,1,2016.0,1,0
408,0,3,99.8,0,1998.0,1,0
409,0,6,69.8,0,1983.0,1,0
410,4,3,129.7,0,2010.0,1,0
411,0,2,55.0,0,1985.0,1,0
412,0,2,51.0,0,1985.0,1,0
413,1,3,116.1,0,2006.0,1,0
414,1,4,118.3,0,2011.0,1,0
415,4,2,90.1,0,2009.0,1,0
416,5,3,89.9,0,2000.0,1,0
417,0,4,105.3,0,2002.0,1,0
418,2,3,88.8,0,2016.0,0,0
419,5,3,111.1,2,2016.0,0,0
420,0,2,41.5,0,1999.0,1,0
421,0,5,175.0,1,2006.0,1,0
422,2,3,97.7,0,2012.0,1,0
423,2,2,89.1,0,2016.0,1,0
424,4,3,125.7,0,2013.0,1,0
425,4,2,89.3,0,2009.0,1,0
426,4,4,115.2,0,2017.0,1,0
427,4,3,134.5,3,2012.0,1,0
428,1,4,129.3,1,2000.0,1,0
429,1,6,123.5,0,2008.0,1,0
430,0,2,43.5,1,2000.0,1,0
431,3,3,94.1,1,2019.0,0,0
432,0,2,51.0,0,1990.0,0,0
433,0,3,111.6,1,2004.0,1,0
434,0,4,155.9,3,2009.0,1,0
435,1,3,110.5,3,2003.0,1,0
436,2,3,128.0,0,2014.0,1,0
437,2,3,116.1,0,2015.0,1,0
438,3,2,85.2,8,2009.0,0,0
439,0,5,206.0,0,2010.0,1,0
440,0,1,45.3,0,2012.0,1,0
441,4,3,122.6,0,2009.0,1,0
442,2,3,125.1,0,2018.0,1,0
443,2,3,104.1,1,2020.0,1,0
444,2,3,91.5,0,2016.0,0,0
445,2,3,97.7,0,2010.0,1,0
446,2,4,126.8,1,2011.0,1,0
447,2,3,113.9,0,1999.0,0,0
448,2,3,97.6,0,2014.0,0,0
449,4,2,96.4,1,2011.0,1,0
450,2,2,91.0,1,2014.0,1,0
451,2,4,126.3,0,2015.0,1,0
452,2,3,88.2,0,2017.0,1,0
453,0,3,147.3,0,2007.0,0,0
454,0,6,212.0,0,1992.0,1,0
455,4,3,121.4,3,2009.0,1,0
456,4,4,120.8,0,2010.0,1,0
457,4,3,135.5,0,2012.0,1,0
458,2,3,89.0,1,2013.0,0,0
459,4,3,88.5,0,2018.0,1,0
460,0,4,188.2,4,2008.0,0,0
461,2,3,122.8,1,2016.0,1,0
462,2,2,84.7,1,2014.0,0,0
463,1,2,46.0,8,2002.0,1,0
464,2,3,126.6,0,2016.0,1,0
465,2,4,123.0,0,2014.0,0,0
466,1,4,255.4,0,2013.0,1,0
467,0,4,149.7,3,2006.0,1,0
468,0,2,50.9,1,2001.0,1,0
469,2,2,67.1,0,2013.0,1,0
470,2,3,88.6,0,2000.0,1,0
471,2,3,124.0,0,2010.0,1,0
472,3,8,137.6,0,2017.0,0,0
473,0,4,147.6,0,2004.0,1,0
474,2,4,118.8,4,2009.0,0,0
475,2,3,134.4,0,2016.0,0,0
476,2,4,127.1,0,2017.0,1,0
477,2,2,83.4,1,2008.0,0,0
478,1,4,160.3,1,2003.0,1,0
479,1,2,47.6,2,2000.0,1,0
480,3,4,98.8,0,2015.0,0,0
481,2,3,89.6,1,2010.0,0,0
482,2,4,124.6,0,2012.0,0,0
483,2,3,109.2,0,2017.0,1,0
484,1,4,169.8,0,2015.0,1,0
485,5,3,89.9,0,2000.0,1,0
486,0,4,155.1,0,2008.0,1,0
487,0,2,84.1,0,1992.0,1,0
488,2,2,88.4,0,2010.0,0,0
489,4,2,68.7,8,2003.0,1,0
490,2,2,89.5,0,2014.0,1,0
491,3,3,82.8,3,2000.0,0,0
492,2,2,65.0,0,2000.0,1,0
493,2,2,90.0,0,2017.0,1,0
494,0,2,79.4,0,1985.0,1,0
495,4,3,88.9,0,2000.0,1,0
496,2,2,89.8,1,2002.0,1,0
497,2,3,101.1,0,2015.0,0,0
498,2,4,102.7,0,2017.0,1,0
499,1,5,182.1,0,2007.0,1,0
500,0,6,197.0,0,2004.0,1,0
501,1,2,56.8,1,2000.0,1,0
502,3,3,88.2,1,2017.0,0,0
503,4,4,118.3,3,2018.0,1,0
504,2,3,110.8,0,2015.0,0,0
505,2,3,91.2,0,2016.0,0,0
506,3,3,89.4,0,2009.0,0,0
507,5,2,86.3,1,2013.0,0,0
508,2,3,88.7,0,2015.0,1,0
509,5,2,80.7,4,2017.0,0,0
510,3,4,130.5,0,2016.0,0,0
511,2,3,92.8,0,2004.0,1,0
512,1,4,201.5,0,2012.0,1,0
513,2,3,120.4,1,2008.0,0,0
514,1,4,229.1,0,2015.0,1,0
515,2,3,88.6,0,2018.0,0,0
516,4,2,80.7,3,2016.0,0,0
517,2,4,126.0,0,2009.0,0,0
518,5,4,86.3,8,2000.0,0,0
519,2,3,123.7,0,2009.0,0,0
520,1,1,49.3,1,2003.0,1,0
521,1,2,40.0,0,1990.0,1,0
522,2,3,115.2,1,2014.0,0,0
523,2,2,78.8,0,1999.0,1,0
524,2,2,67.1,0,2016.0,1,0
525,3,3,98.2,0,2017.0,0,0
526,2,3,130.5,0,2008.0,0,0
527,6,3,86.0,0,2010.0,0,0
528,2,2,86.5,0,2000.0,1,0
529,0,4,160.3,5,2007.0,1,0
530,6,3,83.0,0,2013.0,0,0
531,1,4,172.1,5,1998.0,1,0
532,0,3,140.0,0,2005.0,1,0
533,5,4,93.2,0,2014.0,0,0
534,2,2,80.1,0,2013.0,1,0
535,4,3,86.7,0,2015.0,1,0
536,3,3,73.2,0,2010.0,0,0
537,3,4,98.2,0,2017.0,0,0
538,0,1,59.5,6,2011.0,1,0
539,2,2,71.2,3,2015.0,1,0
540,4,2,81.5,1,2017.0,1,0
541,5,2,81.8,0,2017.0,0,0
542,2,2,82.9,1,2014.0,0,0
543,2,3,88.7,1,2015.0,0,0
544,4,3,91.1,0,2015.0,1,0
545,2,2,93.5,0,2012.0,0,0
546,2,2,89.0,0,2016.0,0,0
547,2,3,89.2,0,2016.0,1,0
548,6,2,90.6,0,2013.0,0,0
549,4,3,110.6,0,2014.0,0,0
550,6,3,80.0,0,2009.0,0,0
551,2,2,88.7,1,2020.0,0,0
552,2,3,89.6,0,2015.0,0,0
553,4,2,51.9,3,2011.0,1,0
554,4,3,89.5,3,2015.0,1,0
555,0,2,52.5,0,2010.0,1,0
556,4,3,101.9,1,2000.0,1,0
557,5,3,98.2,1,2000.0,0,0
558,2,2,84.8,1,2008.0,0,0
559,3,3,100.4,0,2009.0,0,0
560,0,4,150.2,0,2004.0,0,0
561,2,3,112.9,0,2006.0,1,0
562,3,3,85.9,0,2015.0,0,0
563,6,3,90.0,1,2018.0,0,0
564,1,1,45.3,1,2012.0,1,0
565,4,3,108.1,1,2017.0,1,0
566,2,2,89.8,0,2015.0,0,0
567,2,2,86.0,0,2004.0,0,0
568,2,3,112.6,0,2019.0,0,0
569,4,2,94.3,0,2004.0,1,0
570,2,3,97.9,1,2003.0,0,0
571,5,3,89.5,0,2012.0,0,0
572,4,2,74.4,0,1997.0,1,0
573,2,3,86.5,5,2000.0,0,0
574,4,2,67.8,0,1995.0,1,0
575,3,3,82.9,8,2009.0,0,0
576,1,3,156.8,0,2015.0,1,0
577,4,2,61.2,1,2015.0,1,0
578,0,1,30.1,1,2004.0,0,0
579,1,4,386.3,0,2000.0,1,0
580,2,3,92.5,0,2005.0,1,0
581,1,2,30.5,9,2005.0,1,0
582,3,3,90.0,0,2009.0,0,0
583,5,3,82.5,1,2000.0,0,0
584,5,2,72.8,0,2014.0,1,0
585,3,3,88.3,0,2018.0,0,0
586,3,3,94.8,0,2010.0,0,0
587,4,2,69.5,0,1995.0,1,0
588,1,4,140.6,0,2013.0,1,0
589,5,2,93.7,0,2017.0,0,0
590,5,3,88.4,0,2013.0,1,0
591,5,2,67.6,0,2015.0,1,0
592,1,2,37.3,8,2005.0,1,0
593,3,3,100.7,0,2015.0,0,0
594,2,3,110.6,0,2000.0,1,0
595,2,2,65.7,0,2010.0,0,0
596,0,6,281.1,0,2015.0,1,0
597,2,3,75.0,0,2004.0,0,0
598,1,2,59.8,0,2008.0,0,0
599,2,5,178.0,0,2016.0,1,0
600,0,5,194.2,0,2005.0,1,0
601,2,3,86.8,0,2000.0,0,0
602,0,5,140.4,0,2003.0,1,0
603,2,1,66.9,1,2011.0,0,0
604,6,3,86.0,0,2016.0,0,0
605,5,4,90.3,0,2014.0,0,0
606,3,3,80.3,0,2019.0,0,0
607,6,3,90.0,0,2015.0,0,0
608,2,2,87.8,1,2009.0,0,0
609,6,2,92.0,0,2011.0,0,0
610,2,2,61.9,0,2012.0,0,0
611,4,2,75.3,0,2015.0,1,0
612,6,3,96.2,0,2010.0,0,0
613,6,3,88.6,0,2012.0,0,0
614,5,4,134.2,1,2015.0,0,0
615,5,2,93.5,0,2014.0,0,0
616,0,1,35.9,1,2006.0,1,0
617,1,4,170.9,0,2008.0,1,0
618,2,2,85.0,1,2015.0,0,0
619,2,4,124.8,2,2020.0,0,0
620,6,3,84.0,0,2015.0,0,0
621,1,4,354.7,2,2015.0,1,0
622,2,3,116.5,0,2018.0,0,0
623,4,2,89.0,0,2000.0,1,0
624,2,2,93.0,0,2017.0,0,0
625,6,2,86.9,0,2015.0,0,0
626,5,2,72.0,1,2000.0,0,0
627,2,4,166.2,0,2005.0,1,0
628,3,3,73.9,0,2016.0,0,0
629,1,4,163.2,0,2000.0,1,0
630,6,2,78.0,0,2012.0,0,0
631,2,3,89.7,5,2015.0,0,0
632,6,3,89.0,0,2016.0,0,0
633,4,3,89.5,1,2000.0,1,0
634,6,3,85.0,1,2016.0,0,0
635,2,2,71.1,0,2015.0,1,0
636,3,3,88.7,1,2013.0,0,0
637,6,3,106.0,0,2000.0,0,0
638,4,2,85.7,0,2016.0,0,0
639,2,2,75.5,0,2014.0,0,0
640,2,2,93.4,0,2015.0,0,0
641,2,2,91.3,0,2012.0,0,0
642,3,2,85.2,0,2012.0,0,0
643,6,2,67.1,0,2008.0,0,0
644,2,4,156.9,1,2017.0,0,0
645,2,3,86.7,0,2014.0,0,0
646,2,2,91.9,1,2014.0,0,0
647,2,2,55.4,1,2008.0,0,0
648,0,1,22.6,1,2005.0,1,0
649,5,2,82.2,3,2013.0,0,0
650,2,4,131.7,0,2016.0,0,0
651,6,3,71.0,8,2004.0,0,0
652,1,5,156.9,1,2001.0,1,0
653,0,1,23.1,7,2004.0,1,0
654,4,4,243.0,0,2016.0,1,0
655,6,3,109.2,0,2015.0,0,0
656,6,2,78.0,1,2009.0,0,0
657,4,2,86.5,0,2015.0,0,0
658,6,3,131.4,1,2016.0,0,0
659,6,2,92.5,0,2008.0,0,0
660,5,4,139.4,3,2017.0,0,0
661,5,4,88.6,0,2018.0,0,0
662,2,3,106.3,1,2008.0,0,0
663,6,3,134.5,3,2015.0,0,0
664,1,8,373.0,0,2000.0,1,0
665,4,4,156.1,0,2016.0,1,0
666,2,3,81.6,0,2002.0,0,0
667,2,4,115.6,0,2014.0,0,0
668,6,2,49.2,0,2010.0,0,0
669,2,4,144.0,0,2015.0,1,0
670,4,2,50.5,0,1996.0,1,0
671,6,3,88.8,1,2007.0,0,0
672,2,4,80.7,0,1995.0,0,0
673,5,3,81.4,2,2017.0,0,0
674,6,4,91.0,1,2016.0,0,0
675,6,3,117.0,0,2000.0,0,0
676,1,2,48.0,0,2007.0,1,0
677,2,2,90.9,1,2014.0,0,0
678,2,3,108.8,1,2015.0,0,0
679,5,4,89.4,0,2013.0,0,0
680,6,3,125.0,0,2000.0,0,0
681,1,4,119.4,0,2000.0,1,0
682,6,4,83.0,0,2012.0,0,0
683,6,4,95.0,0,2014.0,0,0
684,3,2,84.2,1,2019.0,0,0
685,3,2,68.5,1,2009.0,0,0
686,1,4,152.5,0,2007.0,1,0
687,3,1,47.2,0,2017.0,0,0
688,4,3,143.2,0,2016.0,1,0
689,5,3,114.0,0,2000.0,0,0
690,6,3,98.0,0,2016.0,0,0
691,5,4,126.6,0,2012.0,0,0
692,0,1,20.0,9,2004.0,1,0
693,5,3,111.3,1,2016.0,0,0
694,3,3,75.5,1,2020.0,0,0
695,2,3,129.0,0,2014.0,0,0
696,5,2,75.0,3,2010.0,0,0
697,5,2,80.6,1,2013.0,0,0
698,1,3,141.4,1,2014.0,0,0
699,3,3,93.9,1,1993.0,0,0
700,5,2,70.2,1,2014.0,0,0
701,4,4,126.3,0,2017.0,1,0
702,6,3,138.0,0,2015.0,0,0
703,6,3,136.0,0,2013.0,0,0
704,4,2,59.0,0,2008.0,1,0
705,2,2,55.4,1,2008.0,0,0
706,2,2,82.1,0,2018.0,0,0
707,5,2,74.8,0,2013.0,1,0
708,5,2,76.3,1,2014.0,0,0
709,3,4,102.0,0,2016.0,0,0
710,6,2,97.6,0,2012.0,0,0
711,6,3,129.9,0,2010.0,0,0
712,2,2,87.7,0,2008.0,0,0
713,5,2,74.7,0,2014.0,1,0
714,2,4,125.2,8,2010.0,0,0
715,6,2,73.0,1,2004.0,0,0
716,6,2,90.7,0,2000.0,0,0
717,2,3,118.3,9,1998.0,0,0
718,6,3,85.9,0,2015.0,0,0
719,2,2,58.2,0,2010.0,1,0
720,4,1,44.5,1,2000.0,1,0
721,3,2,102.6,0,1999.0,0,0
722,6,2,98.0,0,2015.0,0,0
723,3,1,47.2,3,2019.0,0,0
724,6,3,70.0,0,2010.0,0,0
725,1,4,393.3,0,2015.0,1,0
726,2,1,57.8,1,2003.0,0,0
727,2,3,104.6,0,2004.0,0,0
728,1,4,395.1,0,2016.0,1,0
729,4,8,262.9,1,2018.0,1,0
730,2,2,73.9,0,1999.0,0,0
731,3,2,82.6,1,2017.0,0,0
732,6,3,108.0,0,2016.0,0,0
733,3,1,60.5,1,2017.0,0,0
734,2,4,215.4,0,2017.0,1,0
735,5,5,174.4,1,2017.0,0,0
736,1,4,164.2,1,2008.0,1,0
737,6,1,46.0,0,2016.0,0,0
738,4,5,159.8,0,2000.0,1,0
739,5,3,120.8,0,2017.0,0,0
740,3,4,200.3,0,2016.0,0,0
741,3,4,121.2,0,2021.0,0,0
742,0,1,24.6,2,2004.0,1,0
743,5,2,73.2,1,2017.0,0,0
744,6,3,126.7,0,2000.0,0,0
745,3,3,102.6,1,2020.0,0,0
746,4,2,50.3,3,2005.0,1,0
747,4,6,222.9,0,2016.0,1,0
748,3,4,116.0,0,2005.0,0,0
749,3,3,104.7,0,2005.0,0,0
750,4,2,171.2,3,2009.0,1,0
751,5,4,117.5,0,2019.0,0,0
752,3,3,110.0,0,1995.0,0,0
753,6,4,167.0,0,2015.0,0,0
754,3,2,66.0,1,1993.0,0,0
755,4,5,157.7,1,2014.0,0,0
756,6,2,82.0,0,2012.0,0,0
757,4,5,264.4,0,2000.0,1,0
758,2,4,151.6,0,2017.0,0,0
759,6,3,106.9,0,2015.0,0,0
760,3,3,213.8,0,2016.0,0,0
761,3,3,102.7,1,2017.0,0,0
762,6,3,86.0,0,2010.0,0,0
763,2,2,59.2,0,2014.0,0,0
764,3,4,116.9,0,2017.0,0,0
765,5,5,181.8,0,2017.0,0,0
766,6,3,143.0,0,2017.0,0,0
767,0,1,25.8,0,1996.0,1,0
768,3,2,53.6,0,1992.0,0,0
769,3,3,79.6,1,2019.0,0,0
770,0,2,55.2,0,2004.0,1,0
771,2,4,151.8,0,2013.0,0,0
772,3,5,214.2,0,2008.0,0,0
773,6,3,84.5,0,2016.0,0,0
774,5,5,199.5,0,2016.0,0,0
775,4,6,384.9,8,2014.0,0,0
776,2,4,177.7,0,2015.0,1,0
777,5,1,39.5,0,2000.0,0,0
778,6,3,70.0,1,2009.0,0,0
779,2,3,99.1,5,2011.0,0,0
780,6,3,86.0,0,2010.0,0,0
781,0,2,47.6,0,2009.0,1,0
782,6,3,99.8,0,2016.0,0,0
783,5,4,200.4,0,2015.0,0,0
784,6,1,30.0,0,2017.0,0,0
785,0,3,52.2,0,1988.0,1,0
786,3,4,142.0,0,2003.0,0,0
787,6,1,33.6,0,2017.0,0,0
788,1,2,51.3,1,2000.0,1,0
789,4,1,39.1,1,2003.0,1,0
790,4,1,37.9,1,2000.0,0,0
791,6,1,36.0,5,2017.0,0,0
792,6,1,63.0,0,2017.0,0,0
793,0,2,52.5,7,2006.0,1,0
794,4,1,39.2,1,2000.0,0,0
795,6,3,89.0,1,2016.0,0,0
796,1,3,34.1,8,2005.0,1,0
797,6,2,56.7,0,2012.0,0,0
798,5,2,39.8,1,2012.0,0,0
799,1,2,88.0,1,1995.0,1,0
800,0,3,98.6,0,1994.0,1,0
801,0,3,89.5,0,1989.0,1,0
802,0,3,75.0,8,1993.0,1,0
803,0,3,66.8,0,1982.0,1,0
804,0,3,97.3,0,2018.0,1,0
805,0,3,96.2,0,1995.0,1,0
806,0,3,70.4,0,2008.0,1,0
807,0,3,83.3,0,1990.0,1,0
808,1,3,96.7,0,2000.0,1,0
809,2,4,95.2,1,2020.0,1,0
810,1,2,86.0,0,1993.0,1,0
811,0,4,136.2,0,2000.0,1,0
812,0,3,96.4,0,1996.0,1,0
813,0,3,137.6,0,2015.0,1,0
814,0,2,92.6,0,1998.0,1,0
815,0,3,97.7,0,2010.0,1,0
816,0,3,78.9,0,1991.0,1,0
817,0,3,77.0,0,1986.0,1,0
818,1,3,114.0,0,2000.0,1,0
819,0,2,79.0,0,1987.0,1,0
820,1,3,129.9,6,1998.0,1,0
821,0,3,70.4,1,1998.0,1,0
822,0,3,69.7,7,2010.0,1,0
823,1,3,84.8,0,2007.0,1,0
824,0,3,85.5,0,1993.0,1,0
825,0,3,97.7,3,2008.0,1,0
826,0,3,84.0,0,1996.0,1,0
827,0,3,79.0,8,1996.0,1,0
828,1,3,90.7,2,1995.0,1,0
829,0,3,81.0,0,1998.0,1,0
830,0,3,98.0,0,1992.0,1,0
831,0,2,84.1,0,1993.0,1,0
832,0,3,83.6,9,1996.0,1,0
833,0,3,87.8,0,1989.0,1,0
834,0,3,89.6,0,1996.0,1,0
835,0,3,93.1,0,1991.0,1,0
836,0,3,81.8,0,1993.0,1,0
837,0,3,87.9,0,2003.0,1,0
838,0,2,88.6,1,2019.0,1,0
839,0,2,91.7,5,1998.0,1,0
840,0,2,66.1,0,1990.0,1,0
841,0,2,84.9,3,2008.0,1,0
842,1,2,84.6,0,2006.0,1,0
843,0,3,115.0,0,2001.0,1,0
844,1,2,71.2,9,1998.0,1,0
845,0,3,89.3,0,1983.0,1,0
846,0,3,63.6,0,1990.0,1,0
847,0,3,87.8,0,2000.0,1,0
848,0,3,92.4,0,1990.0,1,0
849,0,3,77.0,0,1992.0,1,0
850,0,2,81.0,0,1993.0,1,0
851,0,3,70.9,0,2014.0,1,0
852,0,3,85.6,0,1997.0,1,0
853,0,3,82.1,0,2000.0,1,0
854,0,3,89.5,0,2000.0,1,0
855,0,2,69.1,0,2005.0,1,0
856,0,2,84.0,0,1998.0,1,0
857,0,3,92.1,0,1992.0,1,0
858,0,4,84.4,0,1996.0,1,0
859,1,3,89.5,0,2000.0,1,0
860,0,3,92.7,0,2001.0,1,0
861,0,3,81.6,0,1996.0,1,0
862,0,3,135.1,0,2019.0,1,0
863,0,3,71.5,4,1996.0,1,0
864,0,3,90.0,0,1990.0,1,0
865,0,2,88.6,0,2019.0,1,0
866,0,3,90.2,0,1996.0,1,0
867,0,2,82.2,5,2008.0,1,0
868,0,3,91.3,0,1995.0,1,0
869,0,3,81.2,2,2004.0,1,0
870,0,3,89.7,0,2000.0,1,0
871,0,3,131.6,0,2016.0,1,0
872,0,2,90.7,1,2019.0,1,0
873,0,3,83.2,0,2000.0,1,0
874,0,3,62.3,0,1981.0,1,0
875,0,2,88.8,5,2003.0,1,0
876,1,3,101.0,0,1995.0,1,0
877,1,3,95.9,0,1998.0,1,0
878,0,2,77.6,4,1998.0,1,0
879,0,3,97.4,5,2010.0,1,0
880,2,3,80.2,1,2020.0,1,0
881,1,3,92.9,2,2000.0,1,0
882,0,3,134.8,0,2018.0,1,0
883,0,3,134.8,3,2019.0,1,0
884,0,3,92.9,0,1992.0,1,0
885,0,3,94.5,2,2004.0,1,0
886,2,3,92.9,1,2016.0,1,0
887,0,3,74.3,0,1995.0,1,0
888,0,3,88.2,0,1998.0,1,0
889,0,3,83.6,0,1996.0,1,0
890,0,2,85.1,0,2003.0,1,0
891,0,2,81.9,0,1993.0,1,0
892,0,2,73.7,0,2000.0,1,0
893,0,3,137.6,0,2018.0,1,0
894,0,3,89.0,0,2000.0,1,0
895,0,4,122.1,0,2000.0,1,0
896,0,2,87.5,1,2004.0,1,0
897,0,3,83.6,0,1998.0,1,0
898,0,3,63.5,0,2000.0,1,0
899,1,2,64.6,0,2000.0,1,0
900,0,3,69.6,0,1990.0,1,0
901,0,3,129.6,0,2019.0,1,0
902,2,3,97.6,1,2016.0,1,0
903,0,3,82.2,0,2000.0,1,0
904,0,2,75.1,8,1993.0,1,0
905,0,2,76.5,6,2005.0,1,0
906,0,3,82.4,0,1992.0,1,0
907,0,3,88.0,0,1991.0,1,0
908,0,3,88.6,0,1996.0,1,0
909,0,3,85.4,5,2006.0,1,0
910,1,3,92.4,0,2006.0,1,0
911,0,2,85.1,0,2003.0,1,0
912,0,3,98.7,0,2001.0,1,0
913,0,3,80.0,0,2000.0,1,0
914,0,2,60.3,7,2004.0,1,0
915,0,3,132.8,0,2019.0,1,0
916,0,3,80.6,5,1997.0,1,0
917,0,3,100.2,1,1993.0,1,0
918,1,3,102.0,1,1995.0,1,0
919,0,3,93.4,0,1999.0,1,0
920,0,2,84.0,0,1996.0,1,0
921,0,3,132.5,0,2019.0,1,0
922,0,2,77.5,0,1993.0,1,0
923,0,3,97.0,3,1993.0,1,0
924,0,3,97.0,0,1998.0,1,0
925,0,2,76.8,2,1997.0,1,0
926,0,3,76.0,0,1990.0,1,0
927,0,3,69.9,0,2000.0,1,0
928,0,3,134.5,0,2019.0,1,0
929,0,3,129.6,0,2019.0,1,0
930,0,2,74.9,0,2000.0,1,0
931,0,2,70.5,0,1998.0,1,0
932,0,3,102.9,0,1998.0,1,0
933,0,3,80.1,5,1994.0,1,0
934,0,3,129.6,0,2018.0,1,0
935,0,3,77.2,2,2000.0,1,0
936,0,2,74.8,0,1990.0,1,0
937,0,2,72.9,1,2000.0,1,0
938,0,2,77.2,0,2000.0,1,0
939,0,2,94.0,0,2000.0,1,0
940,0,3,135.5,3,2008.0,1,0
941,0,2,66.1,0,2000.0,1,0
942,0,3,83.9,0,2003.0,1,0
943,2,2,80.5,3,2019.0,1,0
944,0,3,87.2,0,1997.0,1,0
945,0,3,123.3,5,2017.0,1,0
946,0,3,129.6,0,2019.0,1,0
947,0,3,96.5,1,1999.0,1,0
948,0,2,89.2,0,1997.0,1,0
949,0,3,129.6,0,2019.0,1,0
950,0,3,134.6,1,2000.0,1,0
951,1,3,94.1,1,2003.0,1,0
952,0,3,169.2,0,2011.0,1,0
953,0,2,62.9,4,2000.0,1,0
954,0,3,71.6,0,1988.0,1,0
955,0,2,86.4,0,2010.0,1,0
956,0,3,95.1,0,2001.0,1,0
957,0,3,85.0,0,1990.0,1,0
958,0,3,81.8,0,1993.0,1,0
959,0,4,135.4,0,2004.0,1,0
960,0,2,66.4,7,1996.0,1,0
961,0,2,61.7,0,1987.0,1,0
962,1,3,84.0,3,2003.0,1,0
963,0,3,94.1,0,2000.0,1,0
964,0,3,87.0,0,2006.0,1,0
965,0,2,78.6,0,1991.0,1,0
966,0,2,73.5,0,1996.0,1,0
967,0,3,98.0,0,1990.0,1,0
968,0,2,98.5,5,2002.0,1,0
969,0,3,72.1,5,1995.0,1,0
970,0,2,81.5,4,2001.0,1,0
971,0,3,127.1,0,2012.0,1,0
972,0,2,93.7,0,1997.0,1,0
973,0,3,106.6,6,2018.0,1,0
974,0,3,97.9,1,2010.0,1,0
975,0,3,86.9,0,2004.0,1,0
976,0,3,71.7,0,1995.0,1,0
977,0,2,88.1,0,1993.0,1,0
978,0,3,82.6,1,1986.0,1,0
979,0,3,97.9,5,2009.0,1,0
980,0,2,82.6,1,2000.0,1,0
981,0,3,60.0,0,1990.0,1,0
982,0,2,77.2,0,1989.0,1,0
983,0,2,82.6,0,2009.0,1,0
984,0,2,69.1,0,2005.0,1,0
985,0,3,74.6,0,1988.0,1,0
986,0,2,66.4,0,1990.0,1,0
987,0,3,123.1,0,2006.0,1,0
988,0,3,125.6,0,2005.0,1,0
989,1,2,80.8,0,2000.0,1,0
990,0,3,86.0,0,1998.0,1,0
991,0,3,83.6,0,1987.0,1,0
992,0,2,65.0,0,1993.0,1,0
993,0,4,104.6,0,2000.0,1,0
994,1,2,62.1,0,2000.0,1,0
995,0,2,82.5,7,2000.0,1,0
996,1,3,88.7,1,1995.0,1,0
997,0,3,90.3,0,2000.0,1,0
998,0,3,82.6,0,1996.0,1,0
999,0,3,91.6,0,1991.0,1,0
1000,0,3,90.9,0,2000.0,1,0
1001,0,2,62.2,0,1992.0,1,0
1002,0,3,80.8,0,1998.0,1,0
1003,0,2,76.6,0,1997.0,1,0
1004,0,4,87.6,0,1999.0,1,0
1005,0,3,96.4,0,2000.0,1,0
1006,2,2,80.4,1,2019.0,1,0
1007,2,3,114.1,0,2019.0,1,0
1008,0,3,100.7,3,2019.0,1,0
1009,0,2,90.7,1,2018.0,1,0
1010,2,4,95.1,0,2016.0,1,0
1011,0,3,93.1,0,1995.0,1,0
1012,0,3,95.4,0,2000.0,0,0
1013,0,3,121.5,0,1998.0,1,0
1014,0,3,80.3,0,2002.0,1,0
1015,0,3,87.6,0,1989.0,1,0
1016,0,2,65.6,0,2008.0,1,0
1017,0,3,81.9,0,1994.0,1,0
1018,2,2,80.4,0,2017.0,1,0
1019,1,2,80.1,3,2004.0,1,0
1020,1,3,91.3,0,2000.0,1,0
1021,0,2,68.2,1,2000.0,1,0
1022,1,2,65.4,1,2015.0,1,0
1023,0,3,90.0,0,1996.0,1,0
1024,0,2,67.0,0,2003.0,1,0
1025,0,3,68.5,0,1991.0,1,0
1026,0,2,66.2,0,1992.0,1,0
1027,2,3,97.1,0,2019.0,1,0
1028,0,3,97.8,1,1992.0,1,0
1029,1,2,95.9,0,1998.0,1,0
1030,0,4,135.3,6,2000.0,1,0
1031,0,3,119.0,0,2000.0,1,0
1032,0,3,93.7,7,1998.0,1,0
1033,0,2,50.9,3,2018.0,1,0
1034,0,3,81.6,0,1998.0,1,0
1035,0,3,136.4,0,2018.0,1,0
1036,0,2,81.3,1,2000.0,1,0
1037,1,3,87.0,0,2000.0,1,0
1038,1,3,85.7,1,2000.0,1,0
1039,0,3,101.4,0,1990.0,1,0
1040,0,3,96.6,0,2000.0,1,0
1041,0,3,86.8,0,1995.0,1,0
1042,0,2,85.0,0,2019.0,1,0
1043,0,3,97.7,5,1996.0,1,0
1044,1,4,92.0,0,2004.0,1,0
1045,0,2,73.8,0,1992.0,1,0
1046,0,3,78.3,0,1987.0,1,0
1047,2,4,98.3,0,2020.0,1,0
1048,0,2,90.0,0,2004.0,1,0
1049,0,3,78.5,0,1988.0,1,0
1050,0,3,89.8,0,2000.0,0,0
1051,0,3,90.6,0,1995.0,1,0
1052,0,2,61.5,1,2005.0,1,0
1053,0,2,65.9,8,2002.0,1,0
1054,0,2,69.3,3,2000.0,1,0
1055,0,3,91.3,2,2000.0,0,0
1056,0,3,91.0,0,1992.0,1,0
1057,0,2,78.6,0,1988.0,1,0
1058,1,3,84.6,0,2006.0,1,0
1059,0,3,47.0,0,2002.0,1,0
1060,0,3,91.9,0,2003.0,1,0
1061,0,3,83.2,1,2000.0,1,0
1062,1,3,89.0,0,2017.0,1,0
1063,0,2,84.0,0,2000.0,1,0
1064,0,3,85.0,0,1996.0,1,0
1065,0,3,82.2,0,2000.0,1,0
1066,0,3,90.1,8,2003.0,1,0
1067,0,2,86.9,0,2004.0,1,0
1068,1,3,89.2,0,1999.0,1,0
1069,0,2,74.6,3,1997.0,1,0
1070,0,3,84.1,0,2000.0,1,0
1071,0,2,61.2,0,1990.0,1,0
1072,0,2,68.3,0,1995.0,1,0
1073,0,3,91.7,4,2004.0,1,0
1074,0,3,92.0,1,2003.0,1,0
1075,0,3,75.8,0,1992.0,1,0
1076,0,3,85.1,0,2000.0,1,0
1077,0,3,92.1,1,2000.0,0,0
1078,0,2,60.1,0,1984.0,1,0
1079,0,2,74.6,0,1997.0,1,0
1080,0,2,75.2,0,1997.0,1,0
1081,0,2,80.4,0,1993.0,1,0
1082,0,3,89.9,3,1993.0,1,0
1083,0,3,98.0,0,1993.0,1,0
1084,0,3,49.9,8,2005.0,1,0
1085,0,3,85.4,0,1987.0,1,0
1086,0,2,53.3,0,2017.0,1,0
1087,0,2,65.6,1,2008.0,1,0
1088,1,3,102.9,3,2003.0,1,0
1089,0,3,125.0,0,2005.0,0,0
1090,0,2,81.3,0,2000.0,1,0
1091,0,2,74.2,5,1997.0,1,0
1092,0,2,68.4,3,2008.0,1,0
1093,0,4,92.2,0,1991.0,1,0
1094,0,3,132.8,0,2018.0,1,0
1095,0,3,129.6,0,2018.0,1,0
1096,0,2,86.4,1,2012.0,1,0
1097,0,2,62.5,1,2008.0,1,0
1098,0,3,81.1,7,1991.0,1,0
1099,0,2,87.7,0,2001.0,1,0
1100,1,3,82.0,0,1997.0,1,0
1101,0,2,68.7,4,1997.0,1,0
1102,1,3,92.0,0,1995.0,1,0
1103,0,2,81.3,6,2003.0,1,0
1104,0,3,87.9,0,2001.0,1,0
1105,0,3,92.0,0,1992.0,1,0
1106,0,3,92.2,5,1994.0,1,0
1107,0,3,123.3,1,2017.0,1,0
1108,0,3,127.0,5,2017.0,1,0
1109,0,3,71.1,0,1993.0,1,0
1110,0,3,81.2,1,2009.0,1,0
1111,0,2,81.5,0,2003.0,1,0
1112,0,2,76.4,0,1992.0,1,0
1113,1,3,98.2,0,2004.0,1,0
1114,0,1,52.8,2,2015.0,1,0
1115,1,3,90.7,0,2000.0,1,0
1116,1,2,65.6,1,1995.0,1,0
1117,0,2,50.6,7,2005.0,1,0
1118,0,3,82.5,0,2000.0,1,0
1119,0,2,64.0,0,1991.0,1,0
1120,0,3,135.7,0,2013.0,1,0
1121,2,3,97.6,1,2016.0,1,0
1122,0,2,62.6,0,1988.0,1,0
1123,0,3,93.2,0,2000.0,1,0
1124,1,3,97.8,1,2000.0,1,0
1125,0,3,91.5,0,1986.0,1,0
1126,0,2,72.0,0,1989.0,1,0
1127,1,3,89.0,1,2000.0,1,0
1128,0,3,84.4,0,2000.0,1,0
1129,0,2,84.5,0,2006.0,1,0
1130,0,3,73.8,0,2004.0,1,0
1131,0,2,72.9,5,1996.0,1,0
1132,1,2,70.9,1,2009.0,1,0
1133,0,2,64.0,0,1995.0,1,0
1134,0,2,73.4,9,2003.0,1,0
1135,0,3,78.5,0,1992.0,1,0
1136,0,3,97.7,0,1997.0,1,0
1137,0,3,70.5,0,2004.0,1,0
1138,0,2,71.3,0,1997.0,1,0
1139,0,3,71.4,0,1992.0,1,0
1140,0,3,97.7,0,1997.0,1,0
1141,0,3,71.3,0,1985.0,1,0
1142,0,3,122.4,7,2000.0,1,0
1143,0,2,67.9,7,2004.0,1,0
1144,0,3,88.1,0,2002.0,1,0
1145,0,2,73.2,0,1990.0,1,0
1146,0,2,51.7,4,2015.0,1,0
1147,0,3,60.7,0,1998.0,1,0
1148,0,3,85.7,1,1996.0,1,0
1149,0,3,109.6,0,2018.0,1,0
1150,0,2,82.8,0,2000.0,1,0
1151,0,2,68.2,1,1997.0,1,0
1152,0,3,84.5,0,2006.0,1,0
1153,0,2,85.5,0,2008.0,1,0
1154,0,3,81.0,0,1987.0,1,0
1155,0,2,72.1,1,1989.0,1,0
1156,0,3,122.1,0,2004.0,1,0
1157,0,3,101.2,0,1995.0,1,0
1158,0,3,63.9,0,1996.0,1,0
1159,0,3,86.0,0,2000.0,0,0
1160,0,2,76.2,0,1992.0,1,0
1161,0,3,72.1,1,2004.0,1,0
1162,0,3,138.5,0,2002.0,1,0
1163,0,2,77.6,0,1996.0,1,0
1164,0,3,80.8,1,2001.0,1,0
1165,0,3,91.0,0,1996.0,1,0
1166,0,4,92.6,0,1993.0,1,0
1167,0,3,60.1,1,2006.0,1,0
1168,0,3,85.0,0,2000.0,1,0
1169,0,3,77.2,0,2000.0,1,0
1170,0,3,94.5,0,1999.0,1,0
1171,0,2,73.0,6,1995.0,1,0
1172,0,2,56.0,0,1998.0,1,0
1173,0,2,69.0,0,1993.0,1,0
1174,1,2,46.9,8,1997.0,1,0
1175,0,3,126.3,0,2004.0,1,0
1176,0,2,58.0,0,1991.0,1,0
1177,0,3,90.5,0,1993.0,1,0
1178,0,3,50.3,0,2008.0,1,0
1179,1,3,82.5,0,1996.0,1,0
1180,0,3,83.2,0,2000.0,1,0
1181,0,3,94.3,1,1999.0,1,0
1182,0,2,61.2,6,2006.0,1,0
1183,0,3,85.3,0,1996.0,1,0
1184,0,2,43.7,1,2003.0,1,0
1185,0,3,98.4,0,2000.0,1,0
1186,0,2,80.3,3,2000.0,1,0
1187,0,2,75.1,5,1997.0,1,0
1188,1,3,80.2,0,2006.0,1,0
1189,1,3,133.0,3,2004.0,1,0
1190,0,3,98.4,6,2002.0,1,0
1191,0,3,92.9,0,2005.0,1,0
1192,1,3,85.4,0,2003.0,1,0
1193,1,2,84.1,1,2003.0,1,0
1194,0,3,84.0,0,2003.0,1,0
1195,0,2,73.0,1,1994.0,1,0
1196,1,3,105.2,0,1995.0,1,0
1197,0,2,85.9,0,2004.0,1,0
1198,0,3,86.7,5,2003.0,1,0
1199,0,3,84.9,1,2000.0,1,0
1200,0,3,74.6,1,2004.0,1,0
1201,0,3,103.0,0,2001.0,1,0
1202,0,2,86.3,1,1998.0,1,0
1203,0,3,88.0,1,1996.0,1,0
1204,0,3,88.0,0,1988.0,1,0
1205,0,2,87.2,6,1998.0,1,0
1206,0,3,123.3,0,2017.0,1,0
1207,0,3,86.0,0,1995.0,1,0
1208,0,3,64.5,1,2006.0,1,0
1209,1,2,78.7,8,2018.0,1,0
1210,0,3,92.1,0,2000.0,0,0
1211,0,2,86.9,3,2003.0,1,0
1212,0,2,67.9,0,1997.0,1,0
1213,1,4,118.8,0,2005.0,1,0
1214,0,2,74.1,0,1998.0,1,0
1215,0,3,125.3,0,1991.0,1,0
1216,0,2,70.0,3,1996.0,1,0
1217,0,3,82.2,0,1998.0,1,0
1218,0,3,85.1,0,1988.0,1,0
1219,0,2,63.7,0,2002.0,1,0
1220,0,3,109.6,3,2018.0,1,0
1221,2,3,97.1,0,2015.0,1,0
1222,0,3,67.9,0,2003.0,1,0
1223,0,3,130.0,4,2000.0,1,0
1224,1,3,89.9,0,2000.0,1,0
1225,0,2,77.0,0,2000.0,1,0
1226,1,3,77.0,0,2000.0,1,0
1227,0,4,130.3,0,2005.0,1,0
1228,0,3,45.1,0,2006.0,1,0
1229,0,2,82.5,0,1996.0,1,0
1230,0,3,66.5,0,1988.0,1,0
1231,0,3,95.0,2,2000.0,1,0
1232,0,2,52.0,0,1985.0,1,0
1233,0,3,94.4,7,2002.0,1,0
1234,1,3,88.0,0,2000.0,1,0
1235,0,3,97.7,0,1997.0,1,0
1236,0,3,97.6,0,2009.0,1,0
1237,0,3,92.0,0,2000.0,1,0
1238,0,3,108.5,3,2019.0,1,0
1239,2,3,99.0,0,2020.0,1,0
1240,0,3,90.6,4,2004.0,1,0
1241,0,2,62.0,0,1988.0,1,0
1242,1,2,93.0,0,1998.0,1,0
1243,1,2,95.9,0,1998.0,1,0
1244,1,3,108.0,1,2000.0,1,0
1245,0,2,73.8,0,1999.0,1,0
1246,0,3,94.4,0,2001.0,1,0
1247,1,2,84.8,0,2006.0,1,0
1248,0,3,110.0,0,1995.0,1,0
1249,0,3,109.6,3,2019.0,1,0
1250,0,3,90.0,0,1986.0,1,0
1251,0,3,81.2,0,2013.0,1,0
1252,0,2,85.5,5,2008.0,1,0
1253,1,2,72.5,0,1995.0,1,0
1254,0,2,55.5,9,2018.0,1,0
1255,0,2,64.2,7,2002.0,1,0
1256,0,3,78.4,0,1996.0,1,0
1257,1,2,61.4,1,2000.0,1,0
1258,0,2,72.0,0,1997.0,1,0
1259,0,2,53.3,9,2016.0,1,0
1260,0,2,73.2,0,1996.0,1,0
1261,1,3,80.7,1,2015.0,1,0
1262,0,2,83.1,7,2003.0,1,0
1263,0,2,75.4,0,1997.0,1,0
1264,0,3,101.4,0,2008.0,1,0
1265,0,2,53.7,0,2006.0,1,0
1266,0,2,62.5,0,1989.0,1,0
1267,0,3,57.0,0,2000.0,1,0
1268,0,3,73.8,0,2004.0,1,0
1269,0,3,70.1,0,2000.0,1,0
1270,0,2,70.5,1,1986.0,1,0
1271,0,2,80.4,3,1997.0,1,0
1272,1,3,95.9,0,2000.0,1,0
1273,0,2,71.7,0,1991.0,1,0
1274,0,2,90.7,1,2015.0,1,0
1275,0,3,80.3,3,2001.0,0,0
1276,0,2,68.0,0,2002.0,1,0
1277,0,2,83.0,1,1998.0,1,0
1278,0,2,92.6,0,2004.0,1,0
1279,0,2,75.8,0,1996.0,1,0
1280,1,3,122.7,0,2014.0,1,0
1281,0,2,81.9,0,2001.0,1,0
1282,0,2,87.3,0,2008.0,1,0
1283,0,3,101.7,3,2003.0,1,0
1284,0,2,91.5,5,2004.0,1,0
1285,0,3,137.4,0,1992.0,1,0
1286,0,2,70.7,0,1994.0,1,0
1287,0,3,81.0,0,2005.0,1,0
1288,0,3,94.8,0,2002.0,1,0
1289,0,3,82.9,3,2001.0,1,0
1290,0,3,74.5,0,2000.0,1,0
1291,0,2,78.9,0,1989.0,1,0
1292,0,2,88.0,8,2000.0,1,0
1293,0,2,68.0,1,1997.0,1,0
1294,0,2,84.0,3,2000.0,1,0
1295,0,2,76.4,5,1997.0,1,0
1296,1,3,84.0,0,1991.0,1,0
1297,0,2,80.0,0,1999.0,1,0
1298,0,2,88.9,0,1993.0,1,0
1299,0,3,62.5,0,1989.0,1,0
1300,0,4,134.8,0,2000.0,1,0
1301,0,2,51.0,5,2004.0,1,0
1302,0,2,85.2,0,2002.0,0,0
1303,1,2,90.5,0,1996.0,1,0
1304,0,3,99.4,0,1990.0,1,0
1305,0,3,89.3,5,1986.0,1,0
1306,0,2,64.9,0,1992.0,1,0
1307,0,3,87.3,0,2000.0,1,0
1308,0,2,73.2,0,2003.0,1,0
1309,0,3,137.8,0,2007.0,1,0
1310,1,3,90.3,1,2000.0,1,0
1311,0,3,88.1,9,2000.0,1,0
1312,0,2,60.0,1,2011.0,1,0
1313,0,3,126.1,3,2003.0,1,0
1314,1,2,67.7,0,2000.0,1,0
1315,0,3,75.3,0,1993.0,1,0
1316,0,3,101.4,0,2009.0,1,0
1317,0,2,65.9,0,2003.0,1,0
1318,0,3,158.1,1,2000.0,1,0
1319,1,2,88.1,1,2000.0,1,0
1320,0,3,96.2,6,2000.0,1,0
1321,0,2,83.8,0,1992.0,1,0
1322,0,2,63.6,0,1996.0,1,0
1323,1,3,95.4,0,2000.0,1,0
1324,0,3,90.0,0,1991.0,1,0
1325,0,3,93.7,0,2000.0,1,0
1326,0,3,65.0,0,1984.0,1,0
1327,0,3,96.0,1,2002.0,1,0
1328,0,3,73.0,0,2005.0,1,0
1329,0,3,98.9,8,2008.0,1,0
1330,1,3,83.6,1,1996.0,1,0
1331,1,2,49.9,0,2000.0,1,0
1332,0,3,96.9,0,1993.0,1,0
1333,0,2,70.6,0,1996.0,1,0
1334,0,1,53.2,2,2015.0,1,0
1335,0,2,68.8,0,1992.0,1,0
1336,1,2,86.8,0,2012.0,1,0
1337,0,2,67.1,0,1988.0,1,0
1338,0,3,91.0,1,2001.0,1,0
1339,1,4,110.7,0,2008.0,1,0
1340,0,3,122.4,0,2010.0,1,0
1341,0,3,93.4,0,2002.0,1,0
1342,1,2,77.9,7,2003.0,1,0
1343,1,2,87.0,0,2002.0,1,0
1344,0,4,78.9,0,1991.0,1,0
1345,0,2,116.2,9,2014.0,1,0
1346,0,2,89.3,0,2000.0,1,0
1347,0,3,82.2,0,1999.0,1,0
1348,0,3,104.7,0,1998.0,1,0
1349,0,2,79.0,0,2000.0,1,0
1350,0,2,87.8,4,2004.0,1,0
1351,0,3,94.5,0,2006.0,1,0
1352,0,3,96.2,0,2010.0,1,0
1353,1,3,82.2,2,2002.0,1,0
1354,0,3,95.7,0,2001.0,1,0
1355,0,3,91.9,0,2001.0,0,0
1356,0,3,106.0,0,2000.0,1,0
1357,0,3,126.6,3,2005.0,1,0
1358,0,3,54.4,1,2000.0,1,0
1359,0,2,70.5,5,2011.0,1,0
1360,0,3,75.5,0,1995.0,1,0
1361,0,2,77.5,3,2001.0,1,0
1362,0,2,69.6,0,1999.0,1,0
1363,0,3,76.2,0,1987.0,1,0
1364,0,2,74.7,0,2000.0,1,0
1365,0,2,77.6,3,1992.0,1,0
1366,0,2,68.6,3,1998.0,1,0
1367,1,3,96.3,5,2007.0,1,0
1368,0,2,51.0,7,2003.0,1,0
1369,0,3,97.2,0,2005.0,1,0
1370,0,3,124.6,2,2018.0,1,0
1371,0,2,78.6,0,2000.0,1,0
1372,0,2,90.1,3,2006.0,1,0
1373,0,2,82.6,0,2020.0,1,0
1374,0,3,88.5,0,1997.0,1,0
1375,0,2,95.8,0,2003.0,1,0
1376,2,3,108.7,0,2017.0,1,0
1377,0,1,92.9,1,2011.0,1,0
1378,0,3,125.1,0,2000.0,1,0
1379,0,4,136.4,0,2004.0,1,0
1380,1,2,78.8,2,2002.0,1,0
1381,1,3,94.3,0,2007.0,1,0
1382,0,2,69.4,0,1990.0,1,0
1383,0,2,77.3,1,1995.0,1,0
1384,0,3,97.1,0,2001.0,1,0
1385,0,2,76.3,0,1995.0,1,0
1386,0,3,127.6,0,2002.0,1,0
1387,0,2,60.0,5,1989.0,1,0
1388,0,3,82.6,0,2000.0,1,0
1389,0,2,62.7,0,1988.0,1,0
1390,1,3,96.3,0,2007.0,1,0
1391,0,3,117.4,1,2005.0,1,0
1392,0,3,98.4,0,2004.0,1,0
1393,0,2,68.8,0,1995.0,1,0
1394,0,2,76.5,7,2003.0,1,0
1395,0,3,87.1,0,2000.0,0,0
1396,1,3,90.0,0,1993.0,1,0
1397,0,2,87.9,0,1997.0,1,0
1398,0,2,76.1,1,2003.0,0,0
1399,0,3,91.2,0,2000.0,0,0
1400,0,4,109.5,0,2002.0,1,0
1401,0,3,102.4,0,1997.0,1,0
1402,0,2,68.2,1,1993.0,1,0
1403,0,2,72.0,1,1998.0,1,0
1404,0,2,71.9,0,1985.0,1,0
1405,0,2,72.1,0,1990.0,1,0
1406,0,3,103.3,7,2008.0,1,0
1407,0,3,121.5,0,2000.0,1,0
1408,0,3,98.4,4,2006.0,1,0
1409,0,3,90.0,1,2009.0,1,0
1410,0,2,47.0,9,2002.0,1,0
1411,0,3,97.8,7,2005.0,1,0
1412,1,2,63.3,1,2000.0,1,0
1413,0,2,81.7,0,1989.0,1,0
1414,0,3,86.0,0,2000.0,0,0
1415,0,2,93.7,1,2012.0,1,0
1416,0,2,77.0,0,1996.0,1,0
1417,0,2,70.9,2,2014.0,1,0
1418,0,3,132.3,8,2004.0,1,0
1419,2,3,97.1,0,2020.0,1,0
1420,0,4,100.9,0,1998.0,1,0
1421,0,2,88.9,1,1998.0,1,0
1422,0,3,89.2,0,1998.0,1,0
1423,0,3,88.8,0,2006.0,1,0
1424,0,2,63.5,7,2004.0,1,0
1425,0,3,127.4,0,2003.0,1,0
1426,2,4,97.2,5,2016.0,1,0
1427,0,2,63.4,1,1987.0,1,0
1428,1,3,111.7,0,2000.0,1,0
1429,0,3,77.3,0,2002.0,1,0
1430,0,2,82.9,6,2004.0,1,0
1431,0,3,138.5,0,2005.0,1,0
1432,0,2,58.7,0,2000.0,1,0
1433,0,3,46.3,3,2005.0,1,0
1434,1,3,66.9,0,1994.0,1,0
1435,0,2,55.4,0,1980.0,1,0
1436,1,3,85.1,1,2000.0,1,0
1437,0,3,127.5,0,2003.0,1,0
1438,0,3,72.5,0,2000.0,1,0
1439,0,2,85.0,0,2000.0,0,0
1440,0,2,89.5,3,2011.0,1,0
1441,1,2,70.3,0,1995.0,1,0
1442,0,3,82.8,1,1999.0,1,0
1443,0,2,61.0,4,1990.0,1,0
1444,0,3,93.1,1,1999.0,1,0
1445,0,2,83.0,0,2002.0,0,0
1446,1,3,77.1,1,1998.0,1,0
1447,0,4,86.8,0,2004.0,1,0
1448,1,3,111.3,1,2004.0,1,0
1449,0,2,90.1,7,2001.0,1,0
1450,0,2,72.4,1,2005.0,1,0
1451,0,2,75.1,0,1993.0,1,0
1452,0,1,89.3,7,2011.0,1,0
1453,0,2,71.0,0,1995.0,1,0
1454,0,2,49.8,8,2005.0,1,0
1455,0,2,77.1,0,2000.0,1,0
1456,0,3,62.7,6,1989.0,1,0
1457,1,4,126.7,0,2000.0,1,0
1458,0,3,135.0,0,2000.0,1,0
1459,0,2,70.9,6,2015.0,1,0
1460,0,3,98.6,0,1992.0,1,0
1461,0,3,134.8,6,1994.0,1,0
1462,0,2,90.0,0,2014.0,1,0
1463,1,2,87.0,1,2013.0,1,0
1464,1,2,81.6,0,2005.0,1,0
1465,1,3,89.9,1,2011.0,1,0
1466,0,3,125.4,3,2000.0,1,0
1467,1,2,86.4,0,1997.0,1,0
1468,0,2,85.4,5,2003.0,1,0
1469,0,2,67.0,6,2001.0,1,0
1470,0,3,134.0,0,2003.0,1,0
1471,0,2,78.8,0,1989.0,1,0
1472,1,3,95.9,3,2007.0,1,0
1473,0,2,72.5,0,2000.0,1,0
1474,1,2,93.9,8,2006.0,1,0
1475,0,4,113.9,0,2003.0,1,0
1476,0,3,129.1,0,2000.0,1,0
1477,0,3,50.1,1,2000.0,1,0
1478,0,3,57.0,0,2007.0,1,0
1479,0,3,81.1,0,1988.0,1,0
1480,0,3,130.9,5,2015.0,1,0
1481,0,2,74.2,4,2001.0,1,0
1482,0,3,127.6,0,2005.0,1,0
1483,0,2,53.0,5,2011.0,1,0
1484,0,2,68.9,0,1998.0,1,0
1485,0,2,69.7,0,2006.0,1,0
1486,1,2,92.3,0,2000.0,1,0
1487,0,3,123.8,0,2001.0,1,0
1488,0,2,80.4,6,2004.0,1,0
1489,1,2,81.8,2,1995.0,1,0
1490,0,3,128.1,0,2014.0,1,0
1491,0,2,77.0,0,2000.0,1,0
1492,1,3,86.9,0,2005.0,1,0
1493,1,1,57.4,1,2018.0,1,0
1494,0,2,75.1,0,1990.0,1,0
1495,0,4,130.3,0,2000.0,1,0
1496,0,3,123.1,0,2006.0,1,0
1497,0,3,137.7,3,2003.0,1,0
1498,1,3,86.9,0,1999.0,1,0
1499,1,3,88.3,0,1998.0,1,0
1500,0,2,61.1,0,1991.0,1,0
1501,0,2,73.9,3,1997.0,1,0
1502,2,4,95.9,1,2017.0,1,0
1503,0,2,80.3,0,2001.0,0,0
1504,0,2,61.0,0,1988.0,1,0
1505,1,3,115.7,7,1996.0,1,0
1506,0,2,83.0,0,1999.0,1,0
1507,2,3,97.6,1,2016.0,1,0
1508,1,3,97.4,1,2004.0,1,0
1509,0,3,75.9,0,1996.0,1,0
1510,0,3,107.5,0,2003.0,1,0
1511,0,2,91.6,0,1998.0,1,0
1512,0,2,62.5,0,1986.0,1,0
1513,0,2,73.0,0,1995.0,1,0
1514,0,1,52.4,1,2014.0,1,0
1515,0,3,90.6,8,2011.0,1,0
1516,1,3,88.7,0,1995.0,1,0
1517,0,2,75.1,0,1996.0,1,0
1518,0,2,75.9,8,1997.0,1,0
1519,0,4,98.5,0,2019.0,1,0
1520,0,3,106.9,0,2000.0,1,0
1521,2,3,97.1,0,2020.0,1,0
1522,0,3,112.1,0,1999.0,1,0
1523,2,3,97.6,0,2020.0,1,0
1524,1,3,102.9,0,2000.0,1,0
1525,0,3,97.9,3,1990.0,1,0
1526,1,3,97.0,1,2000.0,1,0
1527,0,2,73.8,0,2005.0,1,0
1528,1,3,134.4,3,2005.0,1,0
1529,0,3,131.0,0,2013.0,1,0
1530,1,2,87.8,0,2005.0,1,0
1531,0,3,70.3,0,1990.0,1,0
1532,0,3,93.0,0,1996.0,1,0
1533,0,2,84.2,0,1999.0,1,0
1534,0,2,70.0,0,1996.0,1,0
1535,0,3,69.9,0,2017.0,1,0
1536,0,3,45.4,8,2005.0,1,0
1537,1,2,75.5,1,2000.0,1,0
1538,0,2,77.5,0,1996.0,1,0
1539,1,3,98.9,0,2000.0,1,0
1540,0,2,87.0,0,2008.0,1,0
1541,1,2,84.7,4,2006.0,1,0
1542,1,2,66.6,0,2000.0,1,0
1543,0,2,67.1,0,1987.0,1,0
1544,1,2,78.7,0,2006.0,1,0
1545,4,2,90.3,2,2000.0,1,0
1546,0,3,106.3,6,2008.0,1,0
1547,0,2,98.1,0,2011.0,1,0
1548,0,2,72.0,0,1986.0,1,0
1549,1,3,114.6,0,1997.0,1,0
1550,0,4,125.5,6,2005.0,1,0
1551,0,3,101.9,0,1996.0,1,0
1552,0,3,139.0,0,2000.0,1,0
1553,0,3,93.6,0,1995.0,1,0
1554,0,2,78.1,0,1987.0,1,0
1555,0,2,90.4,4,2000.0,1,0
1556,0,4,117.4,0,1999.0,1,0
1557,1,2,88.0,6,1998.0,1,0
1558,0,3,101.4,1,2008.0,1,0
1559,1,3,96.2,0,1998.0,1,0
1560,0,2,67.4,3,2004.0,1,0
1561,0,4,75.0,0,2011.0,1,0
1562,0,2,54.5,1,2004.0,1,0
1563,0,2,74.0,0,1995.0,1,0
1564,2,3,109.6,1,2016.0,1,0
1565,0,2,46.1,6,2004.0,1,0
1566,0,1,49.2,2,2006.0,1,0
1567,0,2,93.5,3,2015.0,1,0
1568,0,2,68.8,0,1995.0,1,0
1569,1,3,82.6,0,1999.0,1,0
1570,0,3,82.6,0,1990.0,1,0
1571,1,3,80.7,0,2016.0,1,0
1572,0,3,105.7,0,2020.0,1,0
1573,0,2,76.9,0,1996.0,1,0
1574,0,3,82.2,5,2009.0,1,0
1575,0,3,88.3,0,1989.0,1,0
1576,0,1,55.3,8,2015.0,1,0
1577,0,2,72.1,3,2001.0,1,0
1578,0,2,67.4,0,2000.0,1,0
1579,0,3,97.8,0,2000.0,0,0
1580,0,3,87.3,0,2004.0,0,0
1581,0,3,112.3,0,1992.0,1,0
1582,0,3,133.9,0,2000.0,1,0
1583,0,3,104.9,4,1993.0,1,0
1584,0,3,121.0,0,1999.0,1,0
1585,0,4,135.7,0,2006.0,1,0
1586,0,3,83.4,0,1986.0,1,0
1587,0,2,73.0,0,1990.0,1,0
1588,0,3,124.3,3,2014.0,1,0
1589,1,2,81.8,0,1994.0,1,0
1590,1,2,70.3,1,1996.0,1,0
1591,0,4,67.8,5,2000.0,1,0
1592,0,3,95.6,2,2000.0,1,0
1593,1,2,91.9,1,2006.0,1,0
1594,0,2,83.0,0,2004.0,0,0
1595,0,3,98.6,0,2000.0,1,0
1596,1,3,137.6,0,2003.0,1,0
1597,0,2,74.4,0,2003.0,1,0
1598,1,3,117.1,0,2000.0,1,0
1599,1,2,77.0,0,2014.0,1,0
1600,0,2,66.2,0,1990.0,1,0
1601,0,2,53.3,5,2017.0,1,0
1602,0,3,90.2,0,2001.0,1,0
1603,0,3,136.3,0,2000.0,1,0
1604,0,1,92.9,1,2000.0,1,0
1605,0,3,134.1,0,2001.0,1,0
1606,0,3,114.7,3,2018.0,1,0
1607,0,3,74.3,3,2004.0,1,0
1608,1,3,94.4,0,2003.0,1,0
1609,2,4,96.7,0,2020.0,1,0
1610,0,3,110.5,0,1990.0,1,0
1611,4,2,89.7,3,2010.0,1,0
1612,0,2,60.0,3,2000.0,1,0
1613,0,3,127.0,0,2011.0,1,0
1614,0,2,66.7,7,2006.0,1,0
1615,1,3,103.2,0,2000.0,1,0
1616,0,3,107.3,1,1993.0,1,0
1617,0,3,102.3,0,2010.0,1,0
1618,0,3,84.0,0,2008.0,1,0
1619,1,3,123.5,1,2009.0,1,0
1620,0,3,90.0,0,2003.0,1,0
1621,0,1,48.3,1,2004.0,1,0
1622,0,2,63.6,0,1991.0,1,0
1623,0,2,90.1,3,2005.0,1,0
1624,1,3,95.2,1,1998.0,1,0
1625,0,3,93.4,0,2000.0,1,0
1626,0,2,72.2,0,1990.0,1,0
1627,0,2,90.0,7,2002.0,1,0
1628,0,3,130.0,4,2018.0,1,0
1629,0,2,73.0,5,1998.0,1,0
1630,0,3,138.8,0,2007.0,1,0
1631,0,3,137.1,0,2005.0,1,0
1632,0,1,46.4,7,2015.0,1,0
1633,0,2,61.6,0,2017.0,1,0
1634,0,3,80.3,8,2009.0,1,0
1635,0,3,98.9,5,2000.0,1,0
1636,0,2,64.9,0,1990.0,1,0
1637,0,2,77.1,0,2000.0,1,0
1638,0,2,74.0,2,2000.0,1,0
1639,0,3,96.4,5,1999.0,0,0
1640,1,2,95.7,9,2000.0,1,0
1641,0,4,135.4,3,2010.0,1,0
1642,0,2,51.7,8,2008.0,1,0
1643,1,2,73.3,0,2000.0,1,0
1644,1,3,107.2,0,2000.0,1,0
1645,1,3,128.8,0,2000.0,1,0
1646,1,3,87.2,0,1998.0,1,0
1647,1,3,95.0,1,2000.0,1,0
1648,0,2,89.5,3,2011.0,1,0
1649,0,2,81.9,5,2009.0,1,0
1650,1,2,92.4,1,2006.0,1,0
1651,0,3,69.1,0,1988.0,1,0
1652,0,2,72.3,3,2001.0,1,0
1653,2,4,89.5,1,2015.0,1,0
1654,0,3,97.2,0,2000.0,0,0
1655,2,4,96.5,1,2019.0,1,0
1656,0,2,62.0,0,1988.0,1,0
1657,0,2,87.8,5,2006.0,1,0
1658,0,3,108.8,0,2002.0,1,0
1659,0,2,86.3,0,2003.0,1,0
1660,0,2,82.3,3,2004.0,1,0
1661,0,3,137.0,0,2006.0,1,0
1662,0,2,52.9,9,1982.0,1,0
1663,0,2,72.7,0,1998.0,1,0
1664,0,3,117.7,0,2000.0,1,0
1665,1,2,76.7,7,1995.0,1,0
1666,0,3,86.0,0,2000.0,0,0
1667,1,3,91.2,0,2000.0,1,0
1668,0,3,117.7,3,2003.0,1,0
1669,0,3,93.1,0,2017.0,1,0
1670,0,2,65.1,0,1996.0,1,0
1671,0,2,90.3,5,2004.0,1,0
1672,1,3,136.7,0,2010.0,1,0
1673,0,3,80.0,0,1986.0,1,0
1674,0,4,135.0,3,2000.0,1,0
1675,0,2,64.1,0,1996.0,1,0
1676,1,3,70.9,0,2002.0,1,0
1677,0,2,74.3,0,1996.0,1,0
1678,0,2,71.3,0,1996.0,1,0
1679,0,2,53.3,2,2008.0,1,0
1680,0,2,90.7,1,2005.0,0,0
1681,0,2,61.2,0,1991.0,1,0
1682,1,3,123.3,0,1998.0,1,0
1683,1,3,122.0,1,1998.0,1,0
1684,1,2,80.4,0,2008.0,1,0
1685,0,3,88.1,0,1990.0,1,0
1686,0,3,85.3,4,2005.0,1,0
1687,1,3,80.7,1,2015.0,1,0
1688,0,2,78.4,0,1990.0,1,0
1689,0,3,117.4,3,2004.0,1,0
1690,0,3,87.0,0,1990.0,1,0
1691,0,2,95.3,5,2003.0,1,0
1692,0,3,87.0,0,2000.0,0,0
1693,0,3,44.1,8,2005.0,1,0
1694,0,3,101.0,0,2008.0,1,0
1695,1,2,81.9,0,1998.0,1,0
1696,0,3,89.1,3,2007.0,1,0
1697,0,2,89.0,6,2004.0,1,0
1698,1,3,93.3,0,2003.0,1,0
1699,1,3,136.8,0,2008.0,1,0
1700,0,3,50.5,1,2005.0,1,0
1701,0,3,70.0,0,1986.0,1,0
1702,1,2,72.3,0,1999.0,1,0
1703,0,4,124.9,0,2004.0,1,0
1704,0,2,86.3,0,2005.0,1,0
1705,0,2,67.8,0,2004.0,1,0
1706,0,3,112.3,0,2008.0,1,0
1707,1,3,87.5,0,2004.0,1,0
1708,0,3,87.9,0,2001.0,0,0
1709,0,2,84.7,0,2001.0,1,0
1710,0,7,84.7,0,1996.0,1,0
1711,0,2,81.4,0,2001.0,1,0
1712,1,3,84.9,0,2000.0,1,0
1713,1,2,71.4,5,1995.0,1,0
1714,1,3,86.9,0,2005.0,1,0
1715,1,3,92.3,0,1997.0,1,0
1716,1,2,73.8,1,2000.0,1,0
1717,0,3,71.3,0,2012.0,1,0
1718,0,2,88.0,0,1999.0,0,0
1719,1,3,93.0,0,1998.0,1,0
1720,0,3,87.6,0,1994.0,1,0
1721,0,3,86.8,5,2004.0,1,0
1722,0,3,112.2,0,1988.0,1,0
1723,0,3,87.3,6,2000.0,0,0
1724,0,3,109.5,4,2004.0,1,0
1725,0,3,97.1,0,2000.0,0,0
1726,0,2,89.1,0,2007.0,1,0
1727,1,3,105.0,0,1998.0,1,0
1728,0,3,84.3,0,2003.0,1,0
1729,0,3,89.4,5,2008.0,1,0
1730,0,3,47.9,1,2004.0,1,0
1731,1,3,94.0,0,2000.0,1,0
1732,0,2,88.0,3,2011.0,1,0
1733,0,4,161.6,0,2000.0,1,0
1734,1,2,82.9,2,2002.0,1,0
1735,1,2,69.3,1,1995.0,1,0
1736,0,3,98.0,0,2001.0,1,0
1737,0,3,107.7,3,1992.0,1,0
1738,0,3,117.6,4,2000.0,1,0
1739,0,4,246.4,0,2000.0,1,0
1740,0,3,128.7,0,2000.0,0,0
1741,1,3,105.3,0,2005.0,1,0
1742,0,2,116.7,0,2003.0,1,0
1743,0,3,117.4,6,2001.0,1,0
1744,0,2,108.3,5,2004.0,1,0
1745,0,2,48.3,0,2004.0,1,0
1746,0,3,110.7,5,2000.0,1,0
1747,0,4,73.0,0,2004.0,1,0
1748,0,2,62.4,0,1996.0,1,0
1749,0,2,67.9,0,1996.0,1,0
1750,1,3,78.1,1,2000.0,1,0
1751,0,3,120.0,0,1992.0,1,0
1752,0,2,80.6,0,2000.0,1,0
1753,0,1,40.4,0,1988.0,1,0
1754,0,2,82.9,0,2000.0,1,0
1755,0,2,92.2,5,2005.0,1,0
1756,1,3,114.8,2,1997.0,1,0
1757,0,3,158.1,5,2018.0,1,0
1758,1,3,78.3,4,1997.0,1,0
1759,2,3,104.9,0,2017.0,1,0
1760,0,3,105.3,0,1992.0,1,0
1761,1,3,98.2,0,2000.0,1,0
1762,0,3,109.9,0,2004.0,1,0
1763,1,2,77.5,9,2003.0,1,0
1764,1,2,64.0,0,2008.0,1,0
1765,0,3,91.7,0,1984.0,1,0
1766,1,3,86.2,0,1990.0,1,0
1767,0,3,98.7,7,2003.0,0,0
1768,0,2,95.2,0,2015.0,1,0
1769,0,3,89.3,3,1991.0,1,0
1770,0,2,54.8,0,1997.0,1,0
1771,1,3,84.1,1,2012.0,1,0
1772,0,2,67.6,0,2000.0,1,0
1773,0,3,50.0,0,2007.0,1,0
1774,0,5,132.1,0,2000.0,1,0
1775,0,2,87.8,0,2000.0,1,0
1776,1,2,78.4,1,2009.0,1,0
1777,0,2,50.8,0,1992.0,1,0
1778,1,3,87.9,0,1999.0,1,0
1779,0,3,97.9,0,2001.0,1,0
1780,0,2,94.7,0,2015.0,1,0
1781,1,3,92.0,1,2000.0,1,0
1782,0,3,95.9,0,2000.0,1,0
1783,0,5,122.3,0,2015.0,1,0
1784,0,2,89.4,0,1999.0,0,0
1785,0,2,49.5,8,2005.0,1,0
1786,0,3,101.4,0,1997.0,1,0
1787,0,3,96.1,1,1994.0,1,0
1788,1,2,73.8,0,1994.0,1,0
1789,1,3,113.5,0,2000.0,1,0
1790,0,2,72.1,2,2009.0,1,0
1791,4,2,89.4,5,2010.0,1,0
1792,0,3,117.7,3,2010.0,1,0
1793,0,3,129.6,0,2012.0,1,0
1794,0,4,77.7,0,1997.0,1,0
1795,0,4,78.5,0,1995.0,1,0
1796,0,2,42.7,1,2003.0,1,0
1797,0,3,97.0,0,1999.0,1,0
1798,0,3,110.4,0,1997.0,1,0
1799,0,2,80.0,0,1998.0,1,0
1800,0,2,85.3,3,1998.0,1,0
1801,1,3,90.2,0,2000.0,1,0
1802,0,3,127.8,0,2006.0,1,0
1803,0,2,85.8,6,2005.0,1,0
1804,1,2,66.1,0,2000.0,1,0
1805,0,2,53.4,1,2009.0,1,0
1806,0,2,61.0,0,1964.0,1,0
1807,2,4,98.3,0,2020.0,1,0
1808,0,2,77.4,0,2001.0,1,0
1809,0,3,104.1,1,2002.0,1,0
1810,0,3,89.6,0,2005.0,1,0
1811,0,2,75.0,0,2000.0,1,0
1812,1,5,185.5,5,2002.0,1,0
1813,1,3,109.0,3,2014.0,1,0
1814,0,3,116.7,0,2004.0,1,0
1815,1,2,93.6,0,2008.0,1,0
1816,0,3,108.2,3,2006.0,1,0
1817,0,3,111.8,0,2001.0,1,0
1818,0,2,66.5,0,2000.0,0,0
1819,1,3,97.1,0,1997.0,1,0
1820,0,2,86.2,3,2011.0,1,0
1821,0,2,61.0,0,1988.0,1,0
1822,0,3,100.0,0,1998.0,1,0
1823,0,3,118.6,0,2011.0,1,0
1824,4,2,91.5,1,2000.0,1,0
1825,0,3,128.4,0,2004.0,1,0
1826,0,3,107.5,0,2002.0,0,0
1827,0,2,70.0,0,1996.0,1,0
1828,0,3,103.0,0,1996.0,1,0
1829,0,2,47.2,6,2002.0,1,0
1830,0,3,86.9,0,1991.0,1,0
1831,0,2,70.6,4,2003.0,1,0
1832,0,3,207.6,3,2011.0,1,0
1833,0,2,87.7,9,2015.0,1,0
1834,0,3,129.0,0,2004.0,0,0
1835,4,2,91.3,1,2010.0,1,0
1836,0,3,137.9,0,2008.0,1,0
1837,0,2,98.4,2,2000.0,1,0
1838,0,3,115.0,0,2002.0,1,0
1839,0,2,75.7,3,2004.0,1,0
1840,1,2,62.3,0,2004.0,1,0
1841,0,4,134.8,1,2008.0,1,0
1842,0,3,75.8,0,1991.0,1,0
1843,0,2,67.3,1,2000.0,1,0
1844,0,3,120.0,0,2020.0,1,0
1845,0,2,84.4,0,1995.0,1,0
1846,0,2,60.0,0,1995.0,1,0
1847,0,3,135.0,3,2000.0,1,0
1848,1,2,83.0,0,2001.0,1,0
1849,1,2,78.5,0,1997.0,1,0
1850,0,2,77.5,0,2005.0,1,0
1851,1,3,125.5,0,2018.0,1,0
1852,1,3,116.5,7,2005.0,1,0
1853,0,2,90.2,2,2002.0,0,0
1854,1,2,83.1,0,2009.0,1,0
1855,2,4,114.3,0,2016.0,1,0
1856,0,2,68.7,0,2001.0,1,0
1857,1,2,71.0,0,1995.0,1,0
1858,0,2,44.7,4,2000.0,1,0
1859,0,2,57.7,3,1988.0,1,0
1860,2,3,117.1,3,2000.0,1,0
1861,0,2,80.3,0,2001.0,0,0
1862,0,3,103.8,0,2002.0,1,0
1863,0,3,102.4,0,2000.0,1,0
1864,0,3,130.4,0,2006.0,1,0
1865,0,3,111.3,2,2005.0,1,0
1866,0,3,111.4,2,2004.0,1,0
1867,0,3,116.0,0,2002.0,1,0
1868,0,1,53.8,0,2005.0,1,0
1869,0,3,114.5,3,1999.0,1,0
1870,0,1,56.7,5,1997.0,1,0
1871,0,2,49.0,8,2007.0,1,0
1872,0,3,132.7,0,2005.0,1,0
1873,0,3,132.3,7,2000.0,1,0
1874,1,2,77.9,0,2003.0,1,0
1875,0,3,110.9,0,2001.0,1,0
1876,1,3,89.4,0,2015.0,1,0
1877,0,3,128.4,0,2004.0,1,0
1878,0,2,89.5,3,2011.0,1,0
1879,1,3,131.4,1,2016.0,1,0
1880,0,2,70.3,0,1998.0,1,0
1881,0,3,49.2,0,2005.0,1,0
1882,0,3,122.8,0,2002.0,1,0
1883,0,4,135.9,0,1999.0,1,0
1884,0,2,74.0,4,2006.0,1,0
1885,0,2,85.0,4,2006.0,1,0
1886,0,3,121.5,0,2000.0,1,0
1887,0,2,54.1,0,2003.0,1,0
1888,1,3,94.4,0,1996.0,1,0
1889,0,2,54.5,3,2000.0,1,0
1890,1,3,100.3,1,2015.0,1,0
1891,1,3,98.7,0,1999.0,1,0
1892,0,2,77.1,0,1993.0,1,0
1893,0,3,80.7,0,1995.0,1,0
1894,0,3,71.0,3,1998.0,1,0
1895,0,3,106.7,0,2018.0,1,0
1896,0,3,105.1,0,1997.0,1,0
1897,0,2,50.0,0,1999.0,1,0
1898,0,2,72.8,0,2000.0,0,0
1899,0,2,66.0,0,1995.0,1,0
1900,1,5,133.5,0,2005.0,1,0
1901,1,2,86.8,1,2013.0,1,0
1902,0,3,90.0,0,2005.0,1,0
1903,0,3,101.6,0,2003.0,1,0
1904,0,3,100.4,0,1998.0,1,0
1905,0,2,48.7,9,2004.0,1,0
1906,0,3,135.9,4,2001.0,1,0
1907,0,2,95.2,5,2005.0,1,0
1908,0,2,67.9,9,2005.0,1,0
1909,0,1,47.8,5,2015.0,1,0
1910,0,3,136.4,0,2015.0,1,0
1911,0,1,48.0,3,2016.0,1,0
1912,0,2,81.9,5,2009.0,1,0
1913,0,2,67.6,0,2000.0,1,0
1914,0,3,102.8,0,2002.0,1,0
1915,0,4,168.6,0,2019.0,1,0
1916,1,3,102.2,0,2000.0,1,0
1917,0,3,97.4,0,1999.0,1,0
1918,2,3,104.9,0,2020.0,1,0
1919,2,4,95.2,0,2016.0,1,0
1920,0,2,49.9,0,2000.0,1,0
1921,1,4,136.2,3,2000.0,1,0
1922,0,3,86.0,3,2003.0,0,0
1923,0,3,137.8,3,1998.0,1,0
1924,0,3,157.5,1,2018.0,1,0
1925,0,2,65.0,0,1998.0,1,0
1926,0,3,88.0,0,1993.0,1,0
1927,2,2,104.9,1,2016.0,1,0
1928,2,4,95.2,0,2020.0,1,0
1929,0,2,73.9,0,1993.0,1,0
1930,0,3,120.1,0,2000.0,1,0
1931,0,1,50.8,0,1987.0,1,0
1932,0,4,116.7,6,1998.0,1,0
1933,0,4,134.8,0,2003.0,1,0
1934,0,2,97.8,1,2013.0,1,0
1935,0,2,73.3,0,1991.0,1,0
1936,1,3,83.4,0,2005.0,1,0
1937,2,3,111.5,0,2019.0,1,0
1938,1,3,106.4,0,1997.0,1,0
1939,0,1,51.4,0,2008.0,1,0
1940,0,2,58.5,0,1997.0,1,0
1941,0,3,145.8,0,2018.0,1,0
1942,0,2,74.8,5,1992.0,1,0
1943,0,3,62.3,0,1990.0,1,0
1944,1,3,75.9,1,1997.0,1,0
1945,1,2,54.7,3,2006.0,1,0
1946,0,2,66.9,0,2012.0,1,0
1947,0,4,130.0,0,2004.0,1,0
1948,0,2,95.3,8,2005.0,1,0
1949,0,3,101.4,0,1999.0,1,0
1950,0,3,105.9,9,2005.0,1,0
1951,0,2,71.0,0,2000.0,1,0
1952,0,3,119.6,1,2007.0,1,0
1953,0,4,168.6,0,2018.0,1,0
1954,0,2,90.9,5,2004.0,0,0
1955,2,3,106.6,0,2019.0,1,0
1956,2,3,111.7,5,2018.0,1,0
1957,2,2,80.4,0,2015.0,1,0
1958,1,3,106.0,0,2003.0,1,0
1959,1,2,72.2,1,2000.0,1,0
1960,0,2,78.6,1,2002.0,1,0
1961,1,3,111.2,0,2002.0,1,0
1962,1,2,80.1,0,2008.0,1,0
1963,1,2,81.9,1,2009.0,1,0
1964,0,4,126.3,0,1997.0,1,0
1965,1,3,78.0,0,1992.0,1,0
1966,1,2,61.9,0,1993.0,1,0
1967,0,3,126.0,7,2005.0,1,0
1968,1,3,95.3,0,1992.0,1,0
1969,0,2,66.5,4,1996.0,1,0
1970,1,2,55.7,1,2006.0,1,0
1971,0,3,125.2,0,2003.0,1,0
1972,0,3,137.8,3,1998.0,1,0
1973,0,1,92.8,1,2009.0,1,0
1974,1,3,75.6,0,2004.0,1,0
1975,0,2,76.6,0,1996.0,1,0
1976,0,3,87.1,0,1990.0,1,0
1977,1,3,71.1,3,2009.0,1,0
1978,1,2,86.0,1,2000.0,1,0
1979,1,2,82.3,1,2000.0,1,0
1980,1,3,82.9,3,2002.0,1,0
1981,0,3,108.1,0,1990.0,1,0
1982,0,2,95.3,3,2003.0,1,0
1983,2,4,114.0,3,2015.0,1,0
1984,1,3,92.3,0,2000.0,1,0
1985,0,2,67.4,7,1999.0,1,0
1986,1,3,94.4,0,2002.0,1,0
1987,0,3,136.6,0,1994.0,1,0
1988,1,3,97.5,3,2009.0,1,0
1989,1,3,87.2,0,2002.0,1,0
1990,0,3,121.4,0,1998.0,1,0
1991,0,3,114.5,0,2004.0,1,0
1992,0,2,52.7,0,1998.0,1,0
1993,1,2,72.3,2,1997.0,1,0
1994,2,3,88.4,0,2014.0,1,0
1995,0,4,137.8,0,2000.0,1,0
1996,0,3,128.8,5,2005.0,1,0
1997,0,3,71.0,0,2012.0,1,0
1998,0,3,99.2,1,1993.0,1,0
1999,0,2,106.9,0,1996.0,1,0
2000,1,2,78.7,3,2006.0,1,0
2001,0,2,65.2,2,1999.0,1,0
2002,0,2,50.6,5,1990.0,1,0
2003,0,1,60.1,9,2004.0,1,0
2004,0,3,134.9,0,2007.0,0,0
2005,0,3,118.3,0,1995.0,1,0
2006,1,4,109.9,3,2014.0,1,0
2007,0,2,74.5,4,2000.0,1,0
2008,1,4,121.2,0,2002.0,1,0
2009,1,3,128.0,0,2003.0,1,0
2010,0,4,147.6,0,2002.0,1,0
2011,0,3,100.4,0,1993.0,1,0
2012,0,3,133.6,0,2005.0,1,0
2013,0,3,105.8,0,2003.0,1,0
2014,0,3,105.7,0,2000.0,1,0
2015,0,4,131.0,0,2005.0,1,0
2016,0,4,138.7,0,2005.0,1,0
2017,4,2,90.1,3,2010.0,1,0
2018,0,2,51.8,2,2000.0,1,0
2019,1,2,78.5,0,1999.0,1,0
2020,0,3,117.6,0,2009.0,1,0
2021,1,2,67.8,1,2000.0,1,0
2022,0,4,136.8,9,2008.0,1,0
2023,1,3,112.0,0,2000.0,1,0
2024,0,3,80.0,3,1996.0,1,0
2025,1,2,74.6,0,1993.0,1,0
2026,1,3,136.4,0,2003.0,1,0
2027,0,3,102.0,0,2004.0,1,0
2028,0,3,92.1,0,2000.0,0,0
2029,1,2,77.0,0,2007.0,1,0
2030,1,4,114.5,0,2001.0,1,0
2031,1,4,122.0,6,2000.0,1,0
2032,1,2,75.6,1,2004.0,1,0
2033,0,4,168.6,0,2019.0,1,0
2034,0,3,157.5,1,2018.0,1,0
2035,0,2,88.0,3,2011.0,1,0
2036,0,2,52.0,0,1988.0,1,0
2037,0,3,44.0,5,2000.0,1,0
2038,1,2,61.5,1,1997.0,1,0
2039,2,2,80.4,1,2020.0,1,0
2040,2,2,80.2,0,2020.0,1,0
2041,1,3,85.5,0,2005.0,1,0
2042,1,3,105.4,2,2003.0,1,0
2043,0,2,55.8,0,2003.0,1,0
2044,1,3,126.9,0,2013.0,1,0
2045,0,4,154.2,3,2010.0,1,0
2046,0,2,97.5,3,2004.0,1,0
2047,1,2,91.9,3,2006.0,1,0
2048,1,2,92.3,1,2006.0,1,0
2049,1,3,71.5,0,1995.0,1,0
2050,0,4,92.2,0,2017.0,1,0
2051,0,4,140.9,0,2004.0,1,0
2052,0,3,122.0,7,2004.0,1,0
2053,1,3,82.0,0,1998.0,1,0
2054,0,3,116.6,4,1999.0,1,0
2055,0,2,77.2,0,2006.0,1,0
2056,0,3,121.0,0,2004.0,1,0
2057,1,2,67.0,3,1996.0,1,0
2058,1,2,72.0,1,2000.0,1,0
2059,0,3,91.9,0,2000.0,0,0
2060,0,2,58.0,0,1990.0,1,0
2061,0,2,64.5,0,1985.0,1,0
2062,0,2,51.0,0,1980.0,1,0
2063,0,3,82.3,0,1998.0,1,0
2064,1,3,85.7,0,2000.0,1,0
2065,0,3,132.2,7,2003.0,1,0
2066,0,2,103.2,3,1984.0,1,0
2067,0,5,132.1,0,2000.0,1,0
2068,0,2,87.7,1,2008.0,1,0
2069,1,2,73.8,0,1998.0,1,0
2070,0,3,129.0,0,2003.0,1,0
2071,0,3,126.8,5,2003.0,1,0
2072,0,3,101.3,0,2007.0,1,0
2073,1,3,71.9,0,1999.0,1,0
2074,4,2,84.6,0,2008.0,1,0
2075,0,2,54.0,0,2008.0,1,0
2076,1,2,63.4,0,1998.0,1,0
2077,1,4,135.5,1,2010.0,1,0
2078,1,2,103.9,1,2016.0,1,0
2079,1,3,117.4,3,2000.0,1,0
2080,0,3,122.2,4,2008.0,1,0
2081,0,3,121.8,1,2000.0,1,0
2082,0,4,118.3,0,2018.0,1,0
2083,0,2,73.3,0,2000.0,0,0
2084,0,2,52.7,1,2004.0,1,0
2085,0,3,112.4,0,2002.0,1,0
2086,0,3,137.2,3,1999.0,1,0
2087,0,3,75.0,0,1992.0,1,0
2088,1,2,74.7,1,2010.0,1,0
2089,1,2,80.6,0,2000.0,1,0
2090,1,3,73.0,0,2000.0,1,0
2091,0,3,117.3,0,2006.0,1,0
2092,0,3,124.0,0,2003.0,1,0
2093,0,3,117.0,0,2002.0,1,0
2094,1,3,106.3,0,2008.0,1,0
2095,2,4,131.2,0,2017.0,1,0
2096,1,2,53.3,1,2006.0,1,0
2097,0,2,100.1,0,1990.0,1,0
2098,1,3,85.3,1,1998.0,1,0
2099,1,2,73.2,0,2018.0,1,0
2100,1,3,131.8,0,2014.0,1,0
2101,0,3,148.8,0,2018.0,1,0
2102,0,1,52.5,5,2008.0,1,0
2103,1,4,92.9,0,2005.0,1,0
2104,0,4,136.4,0,2004.0,1,0
2105,0,2,58.6,0,1988.0,1,0
2106,0,2,92.6,0,2000.0,1,0
2107,1,2,77.5,0,2000.0,1,0
2108,1,3,78.0,0,1999.0,1,0
2109,1,3,118.5,0,2004.0,1,0
2110,1,3,102.7,3,2010.0,1,0
2111,1,2,91.8,5,2006.0,1,0
2112,0,4,135.4,5,2008.0,1,0
2113,1,2,93.0,0,1998.0,1,0
2114,0,2,56.6,0,1976.0,1,0
2115,0,2,69.9,0,2017.0,1,0
2116,0,2,56.9,0,1987.0,1,0
2117,1,2,73.9,0,1997.0,1,0
2118,2,4,98.1,0,2017.0,1,0
2119,0,2,55.9,7,2000.0,1,0
2120,0,3,107.7,0,1998.0,1,0
2121,1,2,75.3,3,2009.0,1,0
2122,0,2,82.1,0,2000.0,0,0
2123,0,3,141.8,0,2004.0,1,0
2124,0,3,117.2,0,2011.0,1,0
2125,1,3,72.0,0,2010.0,1,0
2126,0,1,48.3,0,2004.0,1,0
2127,0,1,51.8,2,2004.0,1,0
2128,1,3,138.8,0,2010.0,1,0
2129,1,3,100.0,0,2000.0,1,0
2130,0,2,48.0,1,2004.0,1,0
2131,0,4,130.4,0,1996.0,1,0
2132,0,3,124.4,1,1997.0,1,0
2133,1,3,107.8,0,2000.0,1,0
2134,0,2,96.3,0,2012.0,1,0
2135,0,2,73.7,1,2003.0,1,0
2136,0,3,100.8,0,2010.0,1,0
2137,0,3,104.7,0,2002.0,1,0
2138,0,3,123.0,0,2000.0,1,0
2139,1,3,86.3,1,2000.0,1,0
2140,1,2,62.8,0,1988.0,1,0
2141,0,3,127.9,0,2004.0,0,0
2142,1,3,132.1,1,2004.0,1,0
2143,0,3,138.7,0,2003.0,1,0
2144,1,2,96.3,1,2015.0,1,0
2145,0,2,90.6,0,2007.0,1,0
2146,0,2,70.4,0,1996.0,1,0
2147,0,3,108.2,0,1992.0,1,0
2148,0,2,58.0,0,2000.0,1,0
2149,0,2,87.9,0,2000.0,1,0
2150,0,2,56.0,0,1992.0,1,0
2151,1,3,89.0,0,1998.0,1,0
2152,0,2,87.3,1,2008.0,1,0
2153,0,1,53.1,1,2009.0,1,0
2154,1,3,98.3,0,2002.0,1,0
2155,0,2,57.8,0,1989.0,1,0
2156,0,3,84.0,5,2003.0,0,0
2157,1,3,108.8,2,1998.0,1,0
2158,0,4,124.8,1,1998.0,1,0
2159,0,1,55.5,1,2005.0,1,0
2160,0,3,104.2,0,2000.0,1,0
2161,1,2,72.2,1,2002.0,1,0
2162,1,3,68.6,0,2000.0,1,0
2163,0,2,72.1,0,1997.0,1,0
2164,0,2,93.2,8,1994.0,1,0
2165,0,2,60.1,3,2005.0,1,0
2166,0,2,58.8,6,2000.0,1,0
2167,0,3,135.5,6,2003.0,1,0
2168,0,2,87.5,2,2013.0,1,0
2169,2,3,106.6,0,2020.0,1,0
2170,0,3,136.6,5,1996.0,1,0
2171,0,2,92.2,3,2002.0,1,0
2172,1,3,129.9,0,2015.0,1,0
2173,1,2,56.9,0,2005.0,1,0
2174,0,1,47.3,2,2005.0,1,0
2175,0,2,95.4,9,2008.0,1,0
2176,0,2,74.2,1,1994.0,1,0
2177,1,3,81.9,4,2000.0,1,0
2178,1,3,85.0,0,2000.0,1,0
2179,0,4,132.7,0,2005.0,1,0
2180,0,3,121.1,0,2002.0,1,0
2181,0,4,179.9,3,2011.0,1,0
2182,1,3,125.6,5,1999.0,1,0
2183,0,4,133.9,0,2000.0,1,0
2184,0,4,122.3,1,2013.0,1,0
2185,0,3,133.3,0,2002.0,1,0
2186,0,3,104.7,0,1994.0,1,0
2187,0,2,63.4,7,1995.0,1,0
2188,2,3,107.9,0,2019.0,1,0
2189,0,3,127.2,5,2008.0,1,0
2190,0,3,103.5,6,2001.0,1,0
2191,0,2,51.0,6,2004.0,1,0
2192,1,2,85.6,3,2009.0,1,0
2193,0,3,113.9,0,2004.0,1,0
2194,1,3,78.1,0,2000.0,1,0
2195,0,3,106.0,0,2006.0,1,0
2196,0,3,117.4,0,2009.0,1,0
2197,0,3,110.7,0,2018.0,1,0
2198,0,2,94.0,1,2007.0,1,0
2199,0,1,54.3,0,2018.0,1,0
2200,0,4,160.3,0,2003.0,1,0
2201,0,3,105.0,6,1995.0,1,0
2202,0,3,125.3,7,2005.0,1,0
2203,0,3,72.9,3,1999.0,0,0
2204,1,4,126.0,3,2018.0,1,0
2205,0,3,125.7,0,2004.0,1,0
2206,1,2,75.1,0,1998.0,1,0
2207,0,3,132.6,0,2008.0,1,0
2208,0,2,51.6,0,1987.0,1,0
2209,0,1,46.6,2,2005.0,1,0
2210,0,4,125.9,1,2001.0,1,0
2211,1,2,77.5,0,2003.0,1,0
2212,0,3,121.7,4,2008.0,1,0
2213,0,3,125.3,6,2005.0,1,0
2214,1,3,89.8,0,1999.0,1,0
2215,1,2,66.8,0,1994.0,1,0
2216,1,3,90.5,0,2000.0,1,0
2217,1,2,73.9,0,1993.0,1,0
2218,1,3,135.6,5,2000.0,0,0
2219,0,3,136.3,0,2004.0,1,0
2220,0,2,71.0,0,1986.0,1,0
2221,0,2,77.2,0,2000.0,1,0
2222,1,1,70.6,5,2011.0,1,0
2223,0,3,111.4,3,2002.0,1,0
2224,0,4,136.2,3,2007.0,1,0
2225,1,3,103.7,3,2007.0,1,0
2226,0,2,70.4,5,2005.0,0,0
2227,0,3,66.3,0,1990.0,1,0
2228,1,2,69.1,6,2005.0,1,0
2229,1,2,68.4,3,2005.0,1,0
2230,0,1,48.3,0,2004.0,1,0
2231,1,3,138.6,1,2010.0,1,0
2232,1,2,76.9,1,2000.0,1,0
2233,1,4,93.6,0,2014.0,1,0
2234,0,4,179.7,0,2002.0,1,0
2235,1,3,114.0,0,2002.0,1,0
2236,1,2,83.2,2,2000.0,1,0
2237,0,3,132.6,0,2004.0,1,0
2238,0,3,103.2,0,2001.0,1,0
2239,0,2,85.5,0,2003.0,1,0
2240,0,3,158.1,3,2019.0,1,0
2241,0,2,53.1,5,2008.0,1,0
2242,1,2,72.0,2,2000.0,1,0
2243,0,3,129.5,0,2006.0,1,0
2244,1,3,102.6,0,1998.0,1,0
2245,1,2,83.6,0,1999.0,1,0
2246,0,2,92.5,3,2004.0,1,0
2247,0,3,131.3,2,2005.0,0,0
2248,0,3,130.5,5,1998.0,1,0
2249,0,1,55.3,0,1990.0,1,0
2250,1,2,77.0,0,1999.0,1,0
2251,0,3,110.1,0,2002.0,1,0
2252,1,3,73.0,0,2007.0,1,0
2253,0,3,89.4,0,2008.0,1,0
2254,0,3,104.1,0,2008.0,1,0
2255,1,3,75.8,1,2000.0,1,0
2256,7,3,88.03,0,2014.0,0,1
2257,8,3,97.45,0,2015.0,1,1
2258,7,3,98.0,0,2000.0,0,1
2260,7,3,87.68,1,2019.0,0,1
2261,7,3,97.53,1,2016.0,1,1
2262,9,3,90.0,0,2012.0,1,1
2264,10,2,66.97,1,1988.0,0,1
2265,7,3,88.03,1,2016.0,0,1
2266,11,3,86.75,0,2016.0,0,1
2267,10,2,60.98,0,1998.0,0,1
2269,12,3,132.0,0,2006.0,0,1
2270,7,3,88.97,0,2017.0,0,1
2271,13,2,87.0,1,2000.0,1,1
2272,7,3,110.0,0,2016.0,0,1
2273,13,3,77.84,0,2004.0,0,1
2274,8,2,82.63,1,2007.0,1,1
2276,7,4,128.0,0,2019.0,0,1
2277,9,3,74.03,0,2017.0,1,1
2278,8,3,90.0,0,2016.0,0,1
2279,7,3,87.64,1,2013.0,0,1
2281,7,3,101.0,1,2020.0,0,1
2282,13,3,86.99,0,2018.0,1,1
2283,14,2,76.91,0,2015.0,0,1
2285,15,3,82.0,0,2019.0,0,1
2286,16,3,93.0,0,2018.0,0,1
2287,9,3,92.19,0,2012.0,1,1
2288,7,3,106.6,1,2016.0,0,1
2290,11,3,87.0,0,2019.0,1,1
2291,17,3,88.06,0,2016.0,1,1
2292,13,2,67.24,0,2012.0,0,1
2293,14,2,77.81,1,2013.0,1,1
2294,11,3,88.65,1,2016.0,0,1
2295,12,3,85.23,1,1990.0,1,1
2297,7,2,66.0,1,1999.0,0,1
2298,9,3,87.0,0,2012.0,0,1
2299,10,2,65.79,0,1995.0,0,1
2300,11,3,90.0,0,2020.0,1,1
2302,7,3,96.0,1,2020.0,0,1
2303,12,3,131.07,0,2005.0,0,1
2304,7,3,86.48,0,2019.0,1,1
2306,7,3,93.09,1,2015.0,1,1
2307,7,3,96.0,1,2017.0,1,1
2308,8,2,86.0,0,2018.0,0,1
2309,9,3,89.0,0,2015.0,1,1
2311,7,3,92.99,1,2015.0,1,1
2312,7,2,78.0,0,2017.0,0,1
2313,9,3,92.0,0,2015.0,1,1
2314,13,2,88.46,1,2020.0,1,1
2315,16,3,89.1,1,2019.0,0,1
2316,10,3,65.79,1,1989.0,0,1
2317,9,2,62.35,0,2017.0,1,1
2319,8,2,83.0,1,2009.0,0,1
2320,7,5,92.0,1,2015.0,0,1
2321,9,2,88.84,0,2019.0,1,1
2322,12,2,99.13,1,2008.0,0,1
2324,9,3,96.0,0,2020.0,1,1
2325,17,3,87.65,1,2019.0,1,1
2326,14,2,92.95,1,2009.0,1,1
2328,7,2,70.0,1,2017.0,0,1
2329,8,2,81.3,0,2011.0,0,1
2330,7,3,101.0,0,2000.0,0,1
2331,9,2,80.0,1,2019.0,1,1
2333,14,3,88.0,0,2009.0,0,1
2334,13,3,84.36,1,1996.0,1,1
2335,8,3,88.0,1,2018.0,1,1
2336,13,2,55.0,0,2000.0,1,1
2337,7,2,89.03,1,2017.0,1,1
2338,7,3,123.49,1,2016.0,0,1
2339,8,2,40.0,0,2019.0,1,1
2341,9,2,89.9,0,2016.0,1,1
2342,13,2,56.56,1,1994.0,1,1
2343,8,3,90.0,0,2014.0,0,1
2344,8,3,91.07,0,2013.0,1,1
2345,13,3,76.62,0,1995.0,1,1
2346,13,3,93.61,0,2016.0,1,1
2347,9,2,75.69,0,2013.0,1,1
2348,8,2,49.75,0,2020.0,1,1
2349,8,3,129.98,0,2010.0,1,1
2350,7,3,89.3,1,2018.0,0,1
2351,7,3,89.0,1,2013.0,0,1
2352,12,2,48.06,0,1990.0,1,1
2353,11,3,101.54,0,2019.0,1,1
2354,8,3,93.0,0,2008.0,1,1
2355,14,3,89.0,1,2018.0,1,1
2356,7,3,78.0,0,2018.0,0,1
2357,10,3,120.71,0,1998.0,1,1
2358,7,4,117.01,0,2013.0,0,1
2359,8,3,96.55,0,2013.0,1,1
2360,13,2,54.47,0,1996.0,1,1
2361,7,3,87.0,0,2000.0,0,1
2362,12,2,91.48,0,2006.0,1,1
2363,9,2,90.0,0,2008.0,1,1
2364,8,3,87.38,1,2016.0,1,1
2365,9,3,95.23,0,2013.0,1,1
2366,10,3,104.19,0,2000.0,1,1
2367,8,3,88.68,1,2013.0,1,1
2368,8,2,50.0,0,2019.0,1,1
2370,11,3,88.31,0,2018.0,0,1
2371,8,3,89.83,0,2014.0,1,1
2372,8,3,86.4,0,2019.0,0,1
2373,10,3,92.19,1,2018.0,0,1
2374,12,2,45.83,1,1998.0,0,1
2375,13,2,56.0,0,2000.0,1,1
2376,7,3,78.0,1,2002.0,1,1
2377,10,3,112.92,1,1998.0,1,1
2378,7,2,78.0,1,2019.0,0,1
2379,17,3,87.47,0,2016.0,1,1
2380,9,2,77.73,0,2018.0,1,1
2381,14,2,85.65,0,2018.0,0,1
2382,7,3,99.33,0,2019.0,0,1
2383,7,3,113.84,1,2017.0,1,1
2384,9,3,93.81,0,2019.0,1,1
2385,9,3,78.72,0,2017.0,1,1
2386,7,3,89.0,0,2013.0,1,1
2387,7,3,89.0,0,2017.0,0,1
2388,8,2,88.58,0,2012.0,1,1
2389,8,2,41.0,0,2020.0,1,1
2390,9,3,85.27,1,2018.0,0,1
2391,8,3,137.74,1,2015.0,0,1
2392,10,3,85.0,0,2000.0,0,1
2393,8,2,87.09,0,2005.0,0,1
2394,12,2,69.61,1,1999.0,1,1
2395,7,3,105.0,0,2006.0,0,1
2396,9,2,89.08,0,2019.0,0,1
2397,12,3,68.07,1,2000.0,1,1
2398,8,3,89.13,0,2019.0,0,1
2399,10,2,76.06,0,2007.0,1,1
2400,8,2,95.87,0,2007.0,1,1
2401,10,3,120.28,0,2002.0,0,1
2403,8,2,86.0,1,2017.0,0,1
2404,13,2,63.0,1,1996.0,1,1
2405,7,3,96.0,1,2020.0,0,1
2406,9,3,106.07,0,2017.0,1,1
2407,10,2,52.0,1,1992.0,0,1
2408,8,3,89.28,0,2015.0,1,1
2409,7,3,99.0,0,2017.0,1,1
2410,14,3,88.5,0,2018.0,1,1
2411,7,4,125.0,0,2018.0,0,1
2412,8,4,111.89,3,2012.0,1,1
2413,7,2,78.0,0,2010.0,1,1
2414,7,3,88.8,0,2016.0,1,1
2415,7,5,177.21,1,2015.0,1,1
2416,12,2,57.96,1,1998.0,1,1
2418,8,3,118.0,0,2013.0,0,1
2419,12,3,73.36,1,1989.0,1,1
2420,8,2,90.24,0,2008.0,1,1
2421,7,3,86.64,0,2018.0,0,1
2422,7,3,131.0,0,2000.0,0,1
2423,12,3,68.19,1,1985.0,1,1
2425,13,2,47.0,0,1992.0,1,1
2426,9,2,97.0,0,2011.0,1,1
2427,18,3,89.0,0,2020.0,0,1
2429,14,3,121.0,0,2019.0,1,1
2430,9,3,81.66,0,2012.0,1,1
2431,7,2,65.0,0,2012.0,0,1
2432,7,3,91.25,1,2016.0,1,1
2433,7,4,133.14,1,2020.0,0,1
2434,13,2,74.96,0,1992.0,1,1
2436,9,3,84.08,1,2016.0,0,1
2437,16,3,92.0,0,2016.0,0,1
2438,8,3,97.97,1,2017.0,1,1
2440,18,3,111.72,0,2018.0,1,1
2441,11,2,80.0,0,2016.0,0,1
2442,9,3,103.0,0,2019.0,0,1
2443,7,3,93.01,0,2000.0,1,1
2444,7,3,91.19,1,2020.0,0,1
2445,12,3,130.48,1,2007.0,1,1
2447,14,3,89.0,0,2018.0,1,1
2448,7,3,61.69,0,2017.0,1,1
2449,7,4,136.09,0,2016.0,0,1
2450,16,3,127.44,0,2017.0,0,1
2451,7,3,93.6,0,2017.0,1,1
2452,14,4,174.45,0,2018.0,1,1
2454,9,3,89.0,0,2010.0,1,1
2455,13,2,86.4,7,2017.0,0,1
2456,12,2,72.0,4,1998.0,1,1
2457,7,3,88.19,1,2018.0,0,1
2458,7,4,128.0,0,2021.0,0,1
2459,12,5,206.24,0,2005.0,0,1
2460,17,2,86.0,0,2006.0,1,1
2461,12,3,142.88,1,2005.0,1,1
2462,17,3,90.0,1,2019.0,0,1
2463,14,4,177.63,0,2016.0,0,1
2464,8,2,65.0,0,2016.0,0,1
2465,18,3,89.0,0,2019.0,0,1
2466,13,2,92.22,1,2001.0,1,1
2467,7,3,90.36,0,2010.0,1,1
2468,12,3,119.68,1,2008.0,1,1
2469,9,3,77.81,0,2020.0,1,1
2470,8,3,85.0,0,2014.0,1,1
2471,7,3,89.0,1,2018.0,0,1
2472,10,3,90.53,1,2000.0,0,1
2473,18,3,110.21,1,2020.0,0,1
2474,8,3,115.0,0,2010.0,1,1
2475,10,3,108.93,0,2000.0,0,1
2476,12,2,51.3,0,1992.0,1,1
2477,14,2,89.0,1,2000.0,0,1
2478,9,2,76.74,0,2012.0,1,1
2479,8,2,45.0,1,2020.0,1,1
2480,17,3,98.0,1,2019.0,0,1
2481,7,3,88.78,1,2017.0,0,1
2482,11,3,87.45,0,2019.0,0,1
2483,9,3,90.05,0,2014.0,1,1
2484,7,2,68.0,0,2014.0,0,1
2485,17,3,95.0,0,2017.0,0,1
2486,11,3,97.0,0,2015.0,0,1
2487,12,3,106.79,0,2017.0,1,1
2488,7,3,89.32,0,2020.0,1,1
2489,17,3,85.2,0,2010.0,1,1
2490,18,3,93.58,0,2018.0,1,1
2491,18,3,116.0,1,2013.0,0,1
2492,8,2,102.58,0,2005.0,1,1
2493,9,3,106.51,0,2015.0,1,1
2494,10,3,114.0,0,2004.0,0,1
2495,8,3,89.97,1,2019.0,1,1
2496,8,4,128.0,0,2000.0,1,1
2497,17,3,89.94,0,2019.0,0,1
2498,18,3,83.19,1,2019.0,0,1
2499,10,2,47.61,0,1990.0,0,1
2500,7,4,130.0,1,2020.0,0,1
2501,17,3,94.45,0,2014.0,1,1
2502,9,3,110.73,1,2015.0,1,1
2503,14,2,52.07,0,2018.0,1,1
2504,9,3,101.0,0,2014.0,0,1
2505,12,3,131.98,0,2005.0,1,1
2506,8,3,93.0,0,2008.0,0,1
2507,17,4,138.0,0,2011.0,0,1
2508,11,3,100.28,0,2017.0,0,1
2509,7,2,72.0,1,2017.0,1,1
2510,8,3,115.0,0,2014.0,0,1
2511,7,3,86.0,0,2008.0,0,1
2512,12,2,48.9,1,1988.0,1,1
2514,10,2,63.03,1,2000.0,0,1
2515,7,2,88.0,1,2016.0,0,1
2516,7,3,92.2,1,2018.0,0,1
2517,10,2,89.46,1,2004.0,0,1
2518,9,2,88.0,0,2020.0,0,1
2519,7,3,99.0,1,2019.0,1,1
2520,7,3,97.0,0,2018.0,1,1
2521,7,3,99.0,1,2018.0,1,1
2522,12,3,93.08,1,2018.0,0,1
2523,9,2,89.0,0,2020.0,0,1
2524,10,2,53.44,0,1991.0,0,1
2525,7,3,105.0,0,2017.0,1,1
2526,14,3,111.24,0,2016.0,1,1
2527,9,2,87.87,0,2008.0,1,1
2528,18,3,89.22,1,2022.0,1,1
2529,7,3,86.0,1,2019.0,0,1
2530,8,3,90.76,0,2017.0,1,1
2531,7,3,105.0,1,2020.0,0,1
2532,18,3,99.0,1,2020.0,1,1
2533,11,3,89.73,0,2019.0,1,1
2534,10,2,49.58,1,1997.0,0,1
2535,13,4,130.6,0,2005.0,1,1
2536,12,3,105.33,0,2005.0,1,1
2537,18,2,77.61,0,2020.0,1,1
2538,8,3,96.12,0,2003.0,1,1
2539,7,4,129.73,0,2019.0,0,1
2541,11,2,75.71,0,2010.0,0,1
2542,8,3,105.5,0,2010.0,1,1
2543,18,3,93.22,0,2016.0,0,1
2544,11,2,81.0,0,2017.0,0,1
2545,13,2,87.19,9,2018.0,0,1
2546,11,3,88.93,1,2014.0,0,1
2547,7,1,46.34,1,2013.0,1,1
2548,7,1,30.0,0,2020.0,0,1
2549,15,3,89.85,0,2019.0,0,1
2550,7,2,66.0,3,2015.0,0,1
2551,10,3,112.0,0,2005.0,1,1
2552,12,4,89.0,0,2007.0,1,1
2553,7,2,88.0,0,2013.0,1,1
2554,8,3,121.0,0,2020.0,1,1
2555,14,3,89.0,2,2014.0,1,1
2556,13,3,96.84,0,2000.0,1,1
2557,11,3,88.65,1,2017.0,1,1
2558,18,2,78.0,0,2015.0,0,1
2559,12,3,95.97,0,2009.0,1,1
2560,8,3,171.72,1,2007.0,0,1
2561,12,3,136.71,0,2005.0,1,1
2562,7,3,89.0,3,2013.0,0,1
2563,8,3,89.87,0,2016.0,1,1
2564,12,3,127.5,0,2018.0,1,1
2565,9,2,82.71,1,2012.0,0,1
2566,13,2,85.0,0,2006.0,1,1
2567,8,3,89.04,0,2018.0,1,1
2568,9,2,80.0,0,2016.0,0,1
2569,7,2,87.01,0,2018.0,1,1
2570,17,3,88.0,0,2016.0,1,1
2571,9,2,82.0,0,2020.0,1,1
2572,12,3,80.27,0,2000.0,1,1
2573,13,3,89.0,0,2000.0,1,1
2574,8,3,120.0,0,2015.0,1,1
2575,10,3,96.35,1,2008.0,0,1
2576,13,2,50.46,1,1994.0,1,1
2577,12,2,91.67,1,2008.0,1,1
2578,7,3,90.0,1,2018.0,0,1
2579,9,2,80.0,0,2019.0,1,1
2580,8,3,116.17,0,2014.0,1,1
2581,18,3,118.1,0,2018.0,1,1
2582,14,2,60.44,0,2012.0,1,1
2583,10,3,72.0,1,1987.0,1,1
2584,9,3,73.62,0,2014.0,1,1
2585,7,3,97.53,0,2018.0,1,1
2586,7,2,96.0,0,2012.0,1,1
2587,18,3,102.0,0,2020.0,1,1
2588,12,2,87.0,0,2006.0,1,1
2589,9,2,84.0,1,2020.0,1,1
2590,7,3,110.0,0,2008.0,1,1
2591,11,2,93.57,1,2003.0,1,1
2592,10,3,106.85,1,2000.0,1,1
2593,13,3,75.42,0,1990.0,1,1
2594,8,3,92.67,0,2004.0,1,1
2595,10,3,64.0,0,1994.0,1,1
2596,7,2,88.0,1,2017.0,0,1
2597,14,3,121.0,0,2010.0,1,1
2598,8,2,71.36,0,2015.0,0,1
2599,7,3,107.62,0,2010.0,1,1
2600,13,2,89.0,0,2008.0,0,1
2601,8,3,102.0,0,2006.0,1,1
2602,9,2,88.6,0,2012.0,0,1
2603,10,3,72.81,0,1985.0,1,1
2604,15,2,83.0,0,2019.0,0,1
2605,9,4,151.54,0,2014.0,0,1
2606,7,3,89.46,1,2000.0,0,1
2607,7,2,66.0,1,2015.0,0,1
2608,8,2,93.3,1,2012.0,1,1
2609,14,3,142.22,1,2016.0,0,1
2610,11,3,119.8,1,2019.0,1,1
2611,7,3,89.71,1,2018.0,0,1
2612,17,3,119.85,0,2016.0,1,1
2613,11,1,40.0,0,2019.0,1,1
2614,18,2,89.0,0,2015.0,0,1
2615,13,3,64.06,1,1990.0,1,1
2616,17,3,102.65,0,2000.0,1,1
2617,7,2,66.0,1,2017.0,0,1
2618,7,3,89.0,1,2019.0,1,1
2619,11,3,89.73,0,2020.0,1,1
2620,9,3,91.51,0,2018.0,1,1
2621,7,3,89.0,1,2018.0,1,1
2622,14,3,90.53,0,2009.0,1,1
2623,7,3,88.81,0,2010.0,0,1
2624,13,3,105.0,0,2007.0,1,1
2625,8,3,122.0,1,2013.0,1,1
2626,7,2,89.0,1,2017.0,0,1
2627,13,3,104.0,0,2000.0,1,1
2628,13,2,86.0,0,2006.0,1,1
2629,18,3,99.59,0,2022.0,1,1
2630,9,3,90.0,0,2015.0,0,1
2631,7,3,86.5,0,2019.0,0,1
2632,8,3,69.02,0,2017.0,0,1
2633,7,2,58.0,1,2013.0,0,1
2634,9,2,71.0,0,2019.0,1,1
2635,13,2,86.72,0,2010.0,1,1
2636,7,3,90.0,0,2017.0,0,1
2637,13,3,75.0,0,2000.0,1,1
2638,7,3,89.94,1,2018.0,0,1
2639,10,2,80.95,0,2000.0,1,1
2640,10,3,109.8,1,2000.0,1,1
2641,10,2,96.67,1,2011.0,1,1
2642,7,3,102.0,1,2021.0,0,1
2643,8,3,125.0,0,2010.0,1,1
2644,11,3,89.0,0,2015.0,0,1
2645,7,3,108.58,1,2018.0,0,1
2646,13,2,92.0,0,2006.0,1,1
2647,10,3,72.96,1,2000.0,1,1
2648,9,2,87.19,0,2014.0,1,1
2649,13,2,82.0,0,2007.0,1,1
2650,7,3,97.76,0,2019.0,1,1
2651,8,3,115.34,1,2013.0,1,1
2652,13,3,89.0,0,2011.0,1,1
2653,8,3,101.76,0,2008.0,1,1
2654,7,2,70.0,1,2000.0,0,1
2655,7,2,70.0,0,2018.0,0,1
2656,9,2,92.0,0,2008.0,1,1
2657,11,3,88.0,0,2014.0,0,1
2658,12,3,118.0,0,2005.0,1,1
2659,14,3,88.52,0,2000.0,1,1
2660,7,2,66.0,1,2015.0,0,1
2661,8,2,100.02,0,2016.0,1,1
2662,7,2,63.77,0,2009.0,0,1
2663,13,3,72.47,0,1985.0,1,1
2664,10,3,73.0,0,1990.0,1,1
2665,10,3,89.7,1,2000.0,0,1
2666,7,4,142.0,0,2019.0,1,1
2667,13,3,80.88,0,2011.0,1,1
2668,13,3,121.0,0,2006.0,1,1
2669,13,2,92.75,0,2006.0,1,1
2670,7,3,87.0,1,2013.0,0,1
2671,8,2,90.49,1,2011.0,1,1
2672,7,2,70.0,1,2016.0,1,1
2673,7,2,90.94,1,2007.0,1,1
2674,7,2,77.36,1,2013.0,0,1
2675,8,3,103.6,0,2019.0,1,1
2676,10,3,99.79,0,2018.0,1,1
2677,13,2,63.0,0,2000.0,0,1
2678,7,2,77.3,1,2013.0,0,1
2679,9,3,110.0,0,2010.0,1,1
2680,13,2,86.0,0,2009.0,1,1
2681,14,2,81.19,0,2010.0,1,1
2682,13,1,70.95,9,2018.0,0,1
2683,11,3,101.01,0,2021.0,0,1
2684,7,2,70.0,1,2000.0,0,1
2685,9,2,70.73,1,2012.0,1,1
2686,12,3,65.49,0,1990.0,1,1
2687,10,3,97.26,0,1998.0,0,1
2688,12,3,108.67,0,2003.0,1,1
2689,14,3,89.0,0,2010.0,1,1
2690,12,3,91.76,1,2011.0,0,1
2691,10,2,50.0,1,1997.0,1,1
2692,7,3,116.48,1,2018.0,0,1
2693,14,3,97.14,0,2000.0,1,1
2694,12,3,69.0,1,2000.0,1,1
2695,12,2,91.91,0,2012.0,1,1
2696,12,2,91.91,0,2008.0,1,1
2697,9,2,62.39,0,2017.0,1,1
2698,12,2,65.0,0,2000.0,0,1
2699,9,3,87.0,0,2017.0,1,1
2700,13,3,139.83,0,2015.0,1,1
2701,9,3,89.03,0,2012.0,1,1
2702,9,2,82.0,0,2010.0,1,1
2703,13,2,43.29,0,1998.0,1,1
2704,17,3,89.7,0,2016.0,0,1
2705,7,3,124.0,0,2020.0,1,1
2706,18,3,126.5,0,2017.0,1,1
2707,8,2,84.36,0,2013.0,0,1
2708,9,3,89.0,0,2016.0,0,1
2709,12,2,94.14,6,1998.0,1,1
2710,7,3,97.0,1,2018.0,1,1
2711,13,3,84.57,1,1990.0,1,1
2712,10,3,85.73,1,2017.0,0,1
2713,8,3,135.0,1,2015.0,1,1
2714,8,3,112.79,0,2009.0,1,1
2715,10,3,123.43,0,2006.0,0,1
2716,8,3,93.49,0,2000.0,1,1
2717,7,3,99.7,1,2018.0,1,1
2718,14,3,86.48,0,2018.0,1,1
2719,12,3,62.42,0,1998.0,1,1
2720,12,3,68.2,0,2000.0,1,1
2721,10,2,93.6,1,2000.0,1,1
2722,13,3,85.0,0,2007.0,1,1
2723,9,3,99.5,0,2014.0,1,1
2724,8,3,128.0,0,2012.0,1,1
2725,14,3,89.0,0,2013.0,1,1
2726,12,3,75.16,0,2000.0,1,1
2727,7,3,104.23,0,2018.0,1,1
2728,8,4,118.0,1,2019.0,0,1
2729,12,3,75.91,0,2005.0,1,1
2730,12,3,60.23,0,1995.0,1,1
2731,9,2,61.0,1,2015.0,1,1
2732,9,2,65.0,0,2017.0,1,1
2733,10,2,96.12,0,2003.0,0,1
2734,7,3,116.0,1,2017.0,1,1
2735,8,3,88.29,0,2017.0,1,1
2736,12,2,72.03,0,1990.0,1,1
2737,13,2,57.0,0,1990.0,1,1
2738,9,2,87.0,1,2016.0,1,1
2739,9,3,95.3,0,2015.0,1,1
2740,10,3,104.96,0,2008.0,0,1
2741,7,3,115.2,1,2017.0,0,1
2742,11,3,108.49,0,2016.0,0,1
2743,7,2,68.95,0,2017.0,1,1
2744,7,2,84.7,0,2000.0,0,1
2745,12,3,81.45,1,1988.0,1,1
2746,8,5,170.0,0,2019.0,0,1
2747,7,2,88.0,1,2019.0,0,1
2748,9,3,88.0,0,2020.0,1,1
2749,7,3,90.94,0,2010.0,0,1
2750,12,3,62.65,0,1989.0,1,1
2751,10,2,81.49,1,2004.0,1,1
2752,8,3,88.0,1,2018.0,0,1
2753,11,3,112.0,1,2014.0,0,1
2754,10,3,107.2,1,1992.0,1,1
2755,7,3,110.16,0,2019.0,0,1
2756,14,3,89.29,1,2013.0,1,1
2757,14,3,99.47,0,2018.0,0,1
2758,13,3,110.0,0,2010.0,1,1
2759,11,3,87.0,0,2015.0,0,1
2760,10,3,73.27,1,1990.0,1,1
2761,13,3,97.58,0,2000.0,1,1
2762,14,3,88.0,1,2018.0,1,1
2763,12,3,84.08,0,2016.0,1,1
2764,10,3,62.0,0,1990.0,1,1
2765,8,2,82.05,0,2012.0,1,1
2766,7,3,100.25,0,2019.0,0,1
2767,8,2,87.29,1,2004.0,1,1
2768,9,3,110.95,0,2020.0,0,1
2769,8,3,113.87,0,2012.0,1,1
2770,10,2,51.23,1,1997.0,0,1
2771,11,2,40.0,0,2019.0,1,1
2772,11,3,89.0,1,2016.0,0,1
2773,14,2,87.78,0,2000.0,1,1
2774,9,3,94.13,0,2016.0,1,1
2775,17,3,127.69,0,2012.0,0,1
2776,7,3,88.0,1,2017.0,0,1
2777,7,3,91.51,0,2008.0,0,1
2778,12,2,68.0,0,1992.0,1,1
2779,14,2,83.0,0,2018.0,1,1
2780,13,3,67.91,0,1994.0,1,1
2781,8,3,149.0,0,2008.0,1,1
2782,18,2,89.9,0,2015.0,1,1
2783,13,2,57.13,0,2000.0,1,1
2784,9,3,100.0,0,2020.0,1,1
2785,8,2,40.0,0,2020.0,1,1
2786,13,3,64.12,0,1992.0,1,1
2787,11,3,89.0,1,2009.0,1,1
2788,9,3,83.61,0,2018.0,0,1
2789,7,3,117.35,0,2020.0,1,1
2790,10,2,68.04,8,1999.0,1,1
2791,8,3,97.45,1,2000.0,1,1
2793,7,4,128.0,1,2021.0,0,1
2794,15,3,82.0,1,2020.0,0,1
2796,11,3,88.65,1,2015.0,0,1
2798,7,3,93.09,1,2015.0,1,1
2799,8,2,86.0,0,2017.0,0,1
2800,7,2,76.82,1,2000.0,0,1
2801,17,3,87.65,0,2020.0,1,1
2802,7,3,100.2,1,2021.0,0,1
2803,8,3,88.29,0,2017.0,1,1
2804,10,2,66.97,1,2000.0,1,1
2805,8,2,40.0,0,2020.0,1,1
