,price
0,61547
1,46858
2,58705
4,67150
5,51078
6,41635
8,45000
9,46049
10,64709
11,89809
13,47662
14,47495
15,46711
17,67763
18,43826
19,44886
21,41865
22,41278
23,88050
24,45677
26,48158
27,40172
28,44906
30,76542
31,19148
32,75267
33,79505
35,55665
36,51120
37,56230
39,53321
40,65706
41,66231
43,64382
44,66481
45,45968
46,29448
48,57656
49,47284
50,50560
52,62977
53,80774
54,40835
55,87710
57,39727
58,63138
59,43168
61,80902
62,56590
63,81412
65,27976
66,62179
67,44843
68,38079
70,50136
71,30114
72,78408
74,118064
75,37616
76,41478
77,35053
78,52149
79,85371
80,38427
81,42788
82,77743
83,29336
84,50253
86,56758
87,41109
88,50166
89,47593
91,87287
92,37780
93,25838
94,25560
95,52014
96,45072
97,61121
98,42682
99,30742
100,56273
101,35167
102,102538
103,76505
104,100666
105,46792
107,82300
108,55511
109,46850
110,91808
111,30249
112,29166
113,30099
114,89780
115,18384
116,56937
117,36493
118,46693
120,38739
121,21920
122,57046
123,25134
125,54199
126,68153
127,80067
128,43168
129,34258
130,66987
132,60665
133,30434
135,33610
136,44925
137,61465
139,53740
140,67822
141,25225
142,61500
143,24562
144,37414
145,55990
146,22762
147,70941
148,51371
149,45413
150,75142
151,30930
152,57472
153,51960
154,23058
155,61703
156,50933
157,63400
158,67893
159,57250
160,25656
161,25111
162,55221
164,23362
165,21118
166,78967
167,20339
168,65651
169,63067
170,59759
171,20321
172,42787
173,55130
174,58132
175,42167
176,23783
177,72670
178,53796
179,19921
180,54429
181,25525
182,64829
183,29035
184,23585
185,77238
186,44126
187,35910
188,52552
189,57451
190,24431
191,74645
192,84709
193,90007
194,66440
195,42886
196,56686
197,50556
198,19237
199,23141
200,46096
201,49389
202,56766
203,62829
204,65894
205,57045
206,56236
207,44121
208,55565
209,49994
210,36772
211,37210
212,72377
213,51586
214,61105
215,48655
216,40683
217,62440
218,39651
219,76475
220,36066
221,65079
222,84138
223,70972
224,26057
225,21561
226,47078
227,50000
228,49817
229,64101
230,47908
231,21585
232,18143
233,50136
234,20803
235,66721
236,12026
237,46729
238,43051
239,74301
240,70845
241,47486
242,69233
243,21061
244,79006
245,27066
246,10338
247,21575
248,55240
249,27411
250,61335
251,66337
252,50979
253,71566
254,83593
255,52302
256,67733
257,42765
258,57444
259,61009
260,71390
261,52301
262,82104
263,55031
264,47188
265,67178
266,25254
267,67578
268,45429
269,46362
270,69385
271,58233
272,104403
273,74439
274,45886
275,59161
276,56357
277,59322
278,44295
279,45974
280,42796
281,100528
282,73578
283,66488
284,60542
285,49335
286,21171
287,45932
288,74508
289,44338
290,50486
291,56095
292,47177
293,67504
294,44811
295,51895
296,40820
297,86384
298,64008
299,42955
300,12958
301,52907
302,92541
303,66576
304,11526
305,10393
306,86015
307,75452
308,73005
309,70622
310,47397
311,73817
312,46978
313,47283
314,66418
315,65942
316,70771
317,9075
318,62842
319,67116
320,48900
321,47706
322,44203
323,37952
324,48640
325,91188
326,43701
327,51300
328,58559
329,59271
330,62388
331,44201
332,59608
333,58812
334,67845
335,27298
336,77648
337,57132
338,45783
339,47883
340,76189
341,87351
342,31685
343,60553
344,28847
345,58008
346,44162
347,71048
348,29529
349,79010
350,76520
351,45234
352,37679
353,42031
354,40542
355,32969
356,78857
357,57389
358,42750
359,45040
360,86753
361,54416
362,44830
363,10019
364,73579
365,75800
366,79379
367,71047
368,63451
369,61372
370,60710
371,61273
372,53908
373,52149
374,87434
375,34871
376,59304
377,53806
378,117216
379,75045
380,81968
381,72981
382,40912
383,52765
384,106525
385,109138
386,71871
387,36075
388,67500
389,79144
390,43372
391,63261
392,43567
393,28088
394,26904
395,50506
396,45776
397,52400
398,57143
399,74998
400,35572
401,46790
402,64385
403,50011
404,46140
405,61308
406,71951
407,37482
408,65605
409,83119
410,36232
411,123659
412,135242
413,41330
414,71024
415,38304
416,30927
417,79415
418,37734
419,25205
420,95812
421,70637
422,29587
423,29171
424,32628
425,41415
426,28215
427,32568
428,45863
429,105289
430,58621
431,33805
432,86079
433,77778
434,76850
435,43908
436,30476
437,34290
438,18658
439,67007
440,64075
441,39801
442,36777
443,54964
444,41517
445,30496
446,30361
447,33366
448,24081
449,40768
450,33176
451,33893
452,32672
453,58249
454,101887
455,39463
456,49678
457,31594
458,21342
459,30519
460,61119
461,35837
462,23383
463,51706
464,40693
465,35782
466,76993
467,52108
468,58928
469,39482
470,33646
471,29844
472,85763
473,51894
474,53895
475,31999
476,40756
477,20989
478,47961
479,46209
480,34413
481,22875
482,38919
483,38469
484,51832
485,32036
486,88917
487,62657
488,19908
489,27386
490,22007
491,21136
492,36171
493,28902
494,66491
495,26547
496,27732
497,39075
498,37990
499,81165
500,62437
501,52428
502,20987
503,31203
504,35931
505,26313
506,20144
507,26408
508,33702
509,21680
510,35241
511,22640
512,64510
513,26590
514,53689
515,26866
516,27641
517,27769
518,24905
519,30722
520,50731
521,64000
522,33421
523,26640
524,37545
525,25448
526,29895
527,11166
528,30286
529,88471
530,10723
531,44055
532,56306
533,27897
534,33729
535,23994
536,18992
537,35136
538,107377
539,39067
540,26378
541,23117
542,24117
543,23102
544,23062
545,19260
546,23607
547,33072
548,11375
549,42327
550,10375
551,24814
552,22986
553,55920
554,28955
555,60630
556,25523
557,21383
558,21463
559,21118
560,49947
561,26403
562,16654
563,10500
564,62542
565,25449
566,22940
567,25361
568,21848
569,23858
570,21453
571,20224
572,30247
573,19665
574,29516
575,22317
576,95032
577,22077
578,112144
579,74936
580,21836
581,68763
582,19678
583,24231
584,28584
585,29446
586,22056
587,28214
588,57334
589,23688
590,31109
591,30899
592,65737
593,35960
594,25869
595,20545
596,126290
597,26534
598,53213
599,61700
600,48667
601,25113
602,59985
603,19890
604,13140
605,29689
606,32989
607,6500
608,18228
609,12174
610,22618
611,27904
612,16631
613,10724
614,32422
615,23000
616,66537
617,53125
618,24247
619,48089
620,10691
621,74712
622,21469
623,23933
624,22686
625,9671
626,27069
627,24858
628,34637
629,46441
630,12693
631,22867
632,8090
633,22225
634,11295
635,38803
636,26491
637,10850
638,22046
639,35086
640,23139
641,26068
642,20775
643,9245
644,30910
645,23415
646,21543
647,25217
648,75155
649,22498
650,22405
651,9085
652,44291
653,98659
654,51766
655,6867
656,12821
657,21973
658,6006
659,13727
660,30551
661,25404
662,21643
663,12042
664,71314
665,36525
666,17045
667,21625
668,11186
669,30005
670,31709
671,11033
672,34710
673,22127
674,9011
675,8035
676,51042
677,21223
678,21692
679,30765
680,12000
681,49900
682,13262
683,15264
684,29108
685,23873
686,49699
687,33482
688,44630
689,21934
690,11429
691,22979
692,98197
693,21382
694,30348
695,17370
696,21432
697,24706
698,54967
699,13639
700,21359
701,23753
702,10870
703,9412
704,32231
705,24910
706,23766
707,31413
708,20708
709,26975
710,9432
711,11870
712,21445
713,30523
714,20361
715,9590
716,8823
717,18599
718,12348
719,32996
720,26062
721,15108
722,11276
723,34966
724,12715
725,78815
726,40852
727,19880
728,88577
729,55159
730,22063
731,15866
732,12038
733,23649
734,42247
735,57353
736,45665
737,9137
738,50013
739,13909
740,27961
741,21528
742,78018
743,15309
744,9630
745,23188
746,25433
747,48464
748,17243
749,18156
750,48493
751,23486
752,12273
753,19042
754,18940
755,48710
756,12927
757,44178
758,49483
759,12447
760,30865
761,14613
762,11047
763,27867
764,18814
765,35756
766,13641
767,92600
768,14006
769,34557
770,67948
771,51259
772,22312
773,12725
774,45113
775,65216
776,40525
777,29874
778,12543
779,20987
780,12207
781,72449
782,10522
783,37930
784,12667
785,143679
786,10986
787,11310
788,50313
789,33232
790,33774
791,11945
792,9366
793,60774
794,26793
795,11012
796,78501
797,9002
798,22128
799,42614
800,59635
801,55674
802,59734
803,56929
804,54255
805,54055
806,61790
807,62305
808,44468
809,53473
810,36977
811,65928
812,55792
813,71216
814,60603
815,71444
816,65695
817,68962
818,48948
819,56330
820,34486
821,58966
822,61371
823,74310
824,65279
825,70420
826,51811
827,63038
828,42774
829,61482
830,51843
831,53534
832,58395
833,54418
834,47418
835,64246
836,57185
837,60886
838,67472
839,56508
840,61895
841,61013
842,53770
843,72174
844,46803
845,53192
846,66835
847,64616
848,55724
849,62192
850,61482
851,75903
852,69885
853,71847
854,47487
855,67844
856,54756
857,61360
858,68145
859,44596
860,48560
861,58817
862,64999
863,59877
864,58883
865,69052
866,45697
867,59458
868,56712
869,57918
870,70019
871,66875
872,70563
873,50151
874,58626
875,70954
876,51288
877,47868
878,57983
879,73930
880,51753
881,51476
882,63887
883,64258
884,57672
885,61607
886,50377
887,67179
888,59518
889,67625
890,56196
891,55529
892,54003
893,66783
894,42135
895,65367
896,70621
897,59606
898,69482
899,48894
900,66772
901,63253
902,51025
903,64348
904,65282
905,61454
906,61886
907,56705
908,64094
909,55738
910,59282
911,58437
912,50482
913,71000
914,68360
915,62491
916,58204
917,56681
918,41965
919,52480
920,53572
921,64132
922,59970
923,58557
924,66805
925,43626
926,60232
927,68241
928,65577
929,74437
930,61383
931,61818
932,60230
933,66176
934,65567
935,64517
936,56158
937,58332
938,56744
939,63271
940,63460
941,63862
942,53636
943,50945
944,42412
945,67948
946,67804
947,49208
948,57063
949,65721
950,65399
951,51010
952,91984
953,73986
954,68176
955,69461
956,61804
957,62942
958,72005
959,68301
960,55422
961,68838
962,58901
963,53785
964,67602
965,55980
966,58232
967,68171
968,50655
969,57738
970,57424
971,74721
972,63814
973,56082
974,64352
975,73065
976,64827
977,48695
978,64810
979,70276
980,59201
981,63000
982,56758
983,59957
984,65124
985,66721
986,66014
987,85290
988,65903
989,52573
990,59070
991,71668
992,63077
993,55928
994,50692
995,67370
996,49026
997,46301
998,54715
999,61169
1000,51508
1001,61858
1002,74230
1003,44285
1004,60268
1005,51884
1006,53365
1007,42953
1008,69004
1009,80486
1010,48381
1011,50258
1012,51137
1013,52532
1014,55805
1015,63920
1016,54920
1017,67164
1018,48265
1019,53460
1020,47672
1021,66716
1022,53550
1023,61112
1024,68060
1025,69792
1026,67976
1027,46457
1028,53983
1029,46721
1030,61928
1031,53362
1032,58692
1033,80126
1034,70808
1035,60851
1036,53985
1037,65288
1038,53651
1039,51085
1040,58800
1041,58790
1042,58236
1043,44836
1044,54222
1045,59079
1046,69961
1047,51358
1048,61105
1049,71338
1050,51108
1051,61356
1052,69594
1053,69249
1054,69090
1055,50740
1056,58792
1057,55344
1058,54952
1059,71262
1060,50931
1061,54100
1062,57304
1063,52406
1064,51177
1065,56604
1066,58818
1067,67657
1068,51329
1069,55631
1070,53408
1071,54947
1072,62802
1073,76102
1074,54372
1075,68593
1076,54055
1077,49827
1078,79482
1079,45449
1080,41207
1081,66526
1082,62271
1083,67150
1084,90253
1085,60898
1086,62829
1087,56141
1088,52300
1089,65600
1090,73705
1091,44475
1092,69561
1093,63592
1094,73634
1095,68652
1096,71785
1097,76456
1098,68821
1099,60178
1100,46975
1101,53689
1102,47739
1103,74567
1104,55524
1105,61740
1106,60771
1107,68921
1108,76009
1109,64408
1110,50499
1111,59863
1112,58224
1113,50708
1114,61554
1115,47294
1116,48484
1117,78672
1118,52715
1119,67969
1120,87521
1121,50697
1122,69534
1123,52372
1124,45013
1125,57924
1126,56945
1127,46742
1128,60162
1129,57759
1130,69106
1131,54207
1132,50233
1133,70313
1134,62381
1135,71338
1136,55266
1137,70639
1138,46538
1139,59681
1140,54226
1141,65742
1142,58829
1143,58200
1144,70164
1145,55996
1146,59621
1147,72512
1148,51220
1149,71175
1150,59194
1151,67195
1152,61310
1153,61908
1154,63712
1155,61755
1156,57316
1157,56121
1158,68577
1159,52210
1160,61032
1161,74331
1162,68448
1163,44600
1164,64109
1165,64616
1166,61366
1167,79035
1168,62000
1169,58002
1170,55004
1171,64110
1172,70536
1173,59455
1174,54964
1175,81413
1176,71552
1177,61858
1178,77199
1179,50643
1180,51594
1181,51979
1182,61275
1183,63065
1184,75006
1185,48568
1186,82223
1187,42588
1188,44417
1189,45718
1190,55816
1191,69530
1192,43097
1193,51831
1194,50000
1195,44658
1196,41457
1197,69584
1198,88582
1199,59482
1200,71726
1201,47379
1202,62088
1203,60114
1204,62500
1205,45622
1206,72813
1207,69187
1208,66337
1209,59490
1210,54072
1211,73180
1212,55982
1213,50337
1214,61396
1215,54896
1216,51143
1217,67640
1218,64065
1219,54954
1220,66612
1221,51504
1222,74702
1223,68319
1224,52480
1225,57923
1226,48832
1227,88272
1228,83962
1229,53327
1230,71429
1231,60527
1232,79747
1233,60189
1234,51131
1235,58132
1236,96117
1237,68284
1238,70021
1239,50506
1240,64018
1241,69355
1242,50323
1243,43801
1244,44723
1245,58928
1246,67607
1247,54252
1248,60000
1249,67981
1250,65334
1251,56377
1252,54516
1253,52174
1254,63098
1255,70105
1256,56003
1257,51441
1258,47084
1259,58703
1260,64217
1261,66337
1262,50885
1263,47487
1264,51293
1265,76938
1266,70114
1267,66316
1268,71855
1269,66800
1270,69484
1271,58743
1272,49323
1273,59292
1274,80486
1275,57923
1276,61471
1277,70930
1278,61562
1279,42860
1280,93717
1281,52291
1282,66476
1283,54650
1284,52269
1285,80059
1286,66214
1287,47902
1288,73719
1289,78437
1290,76222
1291,54020
1292,61932
1293,55752
1294,55715
1295,41640
1296,48691
1297,70625
1298,56780
1299,70400
1300,68828
1301,68263
1302,54350
1303,47278
1304,48310
1305,63621
1306,68147
1307,51559
1308,53028
1309,79658
1310,43724
1311,64118
1312,89622
1313,68031
1314,49653
1315,65905
1316,49202
1317,70107
1318,66406
1319,52781
1320,64483
1321,62060
1322,75181
1323,46122
1324,64445
1325,50694
1326,72353
1327,62292
1328,76713
1329,73633
1330,42943
1331,51355
1332,63791
1333,48847
1334,62031
1335,62473
1336,65416
1337,64103
1338,73077
1339,61247
1340,62822
1341,73646
1342,54579
1343,40000
1344,60568
1345,51645
1346,56919
1347,59375
1348,63814
1349,71899
1350,77414
1351,65432
1352,90456
1353,52344
1354,54122
1355,50920
1356,48878
1357,77422
1358,74476
1359,70253
1360,55365
1361,60622
1362,61612
1363,70829
1364,58800
1365,58627
1366,70856
1367,61066
1368,67674
1369,54344
1370,54250
1371,73764
1372,48708
1373,50594
1374,65537
1375,62409
1376,49826
1377,83881
1378,68613
1379,62707
1380,45709
1381,61480
1382,61716
1383,66728
1384,54589
1385,71682
1386,45238
1387,75000
1388,52294
1389,69494
1390,61066
1391,63027
1392,45547
1393,66880
1394,61340
1395,50385
1396,47223
1397,45274
1398,65458
1399,50247
1400,79284
1401,41793
1402,62363
1403,59470
1404,66788
1405,65881
1406,76060
1407,54344
1408,77041
1409,136475
1410,71915
1411,75177
1412,50521
1413,65508
1414,51047
1415,72016
1416,57013
1417,81829
1418,60474
1419,48414
1420,61261
1421,60658
1422,70380
1423,63986
1424,78475
1425,90274
1426,59665
1427,59985
1428,43709
1429,75033
1430,63466
1431,56306
1432,67757
1433,89811
1434,55033
1435,64621
1436,35858
1437,79994
1438,64570
1439,49412
1440,88269
1441,52954
1442,51475
1443,66886
1444,50484
1445,60008
1446,49955
1447,79254
1448,39074
1449,60522
1450,68814
1451,61228
1452,84892
1453,68733
1454,79270
1455,52919
1456,76273
1457,54306
1458,67260
1459,77596
1460,69858
1461,51648
1462,76667
1463,59791
1464,54637
1465,122400
1466,60597
1467,48363
1468,74330
1469,59544
1470,93629
1471,71103
1472,55064
1473,56284
1474,54834
1475,61266
1476,50349
1477,83001
1478,78948
1479,67605
1480,64004
1481,56500
1482,65068
1483,84874
1484,59498
1485,61163
1486,49816
1487,56364
1488,66883
1489,47666
1490,59944
1491,67515
1492,79375
1493,51185
1494,53242
1495,74043
1496,87727
1497,67403
1498,53831
1499,50420
1500,62224
1501,44538
1502,60395
1503,56677
1504,76722
1505,40457
1506,52410
1507,51742
1508,48065
1509,51377
1510,52818
1511,73699
1512,73280
1513,66576
1514,83588
1515,93788
1516,43989
1517,54623
1518,44509
1519,120671
1520,55010
1521,48414
1522,55754
1523,48156
1524,53235
1525,69431
1526,43295
1527,71797
1528,46521
1529,66871
1530,50126
1531,56607
1532,61291
1533,53232
1534,51143
1535,72665
1536,79243
1537,59370
1538,51613
1539,42978
1540,59527
1541,49020
1542,55264
1543,65445
1544,57583
1545,45183
1546,66592
1547,71145
1548,69306
1549,40856
1550,71566
1551,52518
1552,79160
1553,61993
1554,62461
1555,73034
1556,52646
1557,39773
1558,51963
1559,52791
1560,58737
1561,106471
1562,72688
1563,57973
1564,44248
1565,72669
1566,64012
1567,87701
1568,65136
1569,59095
1570,64810
1571,66461
1572,75686
1573,41597
1574,63245
1575,68857
1576,75561
1577,54062
1578,51789
1579,44870
1580,68539
1581,58766
1582,57116
1583,57013
1584,73554
1585,65306
1586,55789
1587,66813
1588,53259
1589,45233
1590,49090
1591,88266
1592,55422
1593,53331
1594,55188
1595,42610
1596,46139
1597,50565
1598,42525
1599,63344
1600,61293
1601,63391
1602,70479
1603,65322
1604,89157
1605,74450
1606,60876
1607,96649
1608,45575
1609,50699
1610,62246
1611,45359
1612,63000
1613,114822
1614,58515
1615,86127
1616,57431
1617,71185
1618,61905
1619,55471
1620,83334
1621,74535
1622,69969
1623,53035
1624,42017
1625,66389
1626,55125
1627,72223
1628,65395
1629,57421
1630,77079
1631,78758
1632,75415
1633,90541
1634,65729
1635,124369
1636,76379
1637,53178
1638,62838
1639,46686
1640,42320
1641,72975
1642,72478
1643,46125
1644,43203
1645,57152
1646,50236
1647,45053
1648,102582
1649,63279
1650,51960
1651,77847
1652,55748
1653,67933
1654,50402
1655,57934
1656,75484
1657,63576
1658,59732
1659,86917
1660,82675
1661,64234
1662,63517
1663,46087
1664,64402
1665,50561
1666,53489
1667,48016
1668,74610
1669,93438
1670,56717
1671,59247
1672,59259
1673,78500
1674,84371
1675,66771
1676,62774
1677,58578
1678,53267
1679,50657
1680,62631
1681,73239
1682,46086
1683,47534
1684,46796
1685,63806
1686,78303
1687,61749
1688,65068
1689,70505
1690,76782
1691,62737
1692,50115
1693,84996
1694,59412
1695,53269
1696,61701
1697,118005
1698,55735
1699,58334
1700,76208
1701,79692
1702,62215
1703,71898
1704,85672
1705,60142
1706,73883
1707,47413
1708,52362
1709,65778
1710,62346
1711,56546
1712,43566
1713,49693
1714,52735
1715,37800
1716,44068
1717,92032
1718,52046
1719,47850
1720,73656
1721,62248
1722,62211
1723,75364
1724,70150
1725,48311
1726,59009
1727,40762
1728,47213
1729,153872
1730,71980
1731,42221
1732,106579
1733,74267
1734,50646
1735,46898
1736,58650
1737,61862
1738,55684
1739,69000
1740,45836
1741,45101
1742,90013
1743,55220
1744,54294
1745,76191
1746,64167
1747,78811
1748,54843
1749,52570
1750,45851
1751,61334
1752,58043
1753,78733
1754,78408
1755,80161
1756,35006
1757,67544
1758,50422
1759,44826
1760,53926
1761,42567
1762,52335
1763,56137
1764,51603
1765,75884
1766,47581
1767,60266
1768,75615
1769,63621
1770,65658
1771,70147
1772,51760
1773,77416
1774,47677
1775,63767
1776,53586
1777,68857
1778,55531
1779,61294
1780,73738
1781,51087
1782,55249
1783,62986
1784,50330
1785,74329
1786,61613
1787,78012
1788,51526
1789,52512
1790,54755
1791,47337
1792,91736
1793,96120
1794,71429
1795,50351
1796,74222
1797,64873
1798,54172
1799,45625
1800,62141
1801,43252
1802,59155
1803,73211
1804,57524
1805,56170
1806,73771
1807,49324
1808,51422
1809,47858
1810,58942
1811,68000
1812,58640
1813,100899
1814,70254
1815,63542
1816,58960
1817,50918
1818,54152
1819,43040
1820,74057
1821,63935
1822,58600
1823,72357
1824,45902
1825,67394
1826,51070
1827,54286
1828,51360
1829,88504
1830,68847
1831,51559
1832,81901
1833,70696
1834,52701
1835,46207
1836,76717
1837,105141
1838,60696
1839,51262
1840,49439
1841,63799
1842,60027
1843,53508
1844,73167
1845,65151
1846,68633
1847,50367
1848,50603
1849,50727
1850,59985
1851,48435
1852,53639
1853,59287
1854,46702
1855,51610
1856,57085
1857,49296
1858,68935
1859,82741
1860,37136
1861,58296
1862,65318
1863,52534
1864,57511
1865,57973
1866,57556
1867,56466
1868,81785
1869,60268
1870,61607
1871,54932
1872,70762
1873,61986
1874,48499
1875,52755
1876,81683
1877,74773
1878,94983
1879,56309
1880,75392
1881,81115
1882,52932
1883,62546
1884,58792
1885,60029
1886,53109
1887,77208
1888,41107
1889,58705
1890,54553
1891,52664
1892,64826
1893,65651
1894,74085
1895,61698
1896,55953
1897,69000
1898,50564
1899,63637
1900,59185
1901,67719
1902,88889
1903,51161
1904,64722
1905,64928
1906,76533
1907,74580
1908,78091
1909,79047
1910,75350
1911,81183
1912,67188
1913,51760
1914,59162
1915,63746
1916,41586
1917,71348
1918,49118
1919,54103
1920,67736
1921,56396
1922,50582
1923,94195
1924,62878
1925,79644
1926,87273
1927,47688
1928,56624
1929,57948
1930,110547
1931,66759
1932,58950
1933,68828
1934,75430
1935,69352
1936,47602
1937,35255
1938,46827
1939,82864
1940,68159
1941,64180
1942,66730
1943,58626
1944,45485
1945,50293
1946,80556
1947,52000
1948,70283
1949,66884
1950,70607
1951,56198
1952,60870
1953,65821
1954,60520
1955,46927
1956,53362
1957,49634
1958,50850
1959,42943
1960,78596
1961,46686
1962,48059
1963,50813
1964,59849
1965,42308
1966,50065
1967,65784
1968,50882
1969,68862
1970,53642
1971,59900
1972,94326
1973,85992
1974,49623
1975,44256
1976,64087
1977,51485
1978,46512
1979,44742
1980,44391
1981,62911
1982,66975
1983,56677
1984,45519
1985,77928
1986,44304
1987,99444
1988,59307
1989,45622
1990,47780
1991,86957
1992,62382
1993,46757
1994,37909
1995,91437
1996,63665
1997,95843
1998,54251
1999,62471
2000,61627
2001,59798
2002,67194
2003,76207
2004,58946
2005,55373
2006,95507
2007,58816
2008,55941
2009,45927
2010,68957
2011,65339
2012,100929
2013,47079
2014,50142
2015,63970
2016,64024
2017,45299
2018,69126
2019,46891
2020,131814
2021,40585
2022,76744
2023,44643
2024,58508
2025,54990
2026,57181
2027,56863
2028,48850
2029,46482
2030,43581
2031,45809
2032,48697
2033,67007
2034,62878
2035,46819
2036,78847
2037,90434
2038,46799
2039,48514
2040,48635
2041,44450
2042,52942
2043,54302
2044,52030
2045,86122
2046,87207
2047,57473
2048,57989
2049,52433
2050,114968
2051,63081
2052,95059
2053,44879
2054,59848
2055,58306
2056,52480
2057,41493
2058,48598
2059,47656
2060,75000
2061,63266
2062,74118
2063,48372
2064,49575
2065,58077
2066,54280
2067,52823
2068,72439
2069,50848
2070,64187
2071,56384
2072,62717
2073,41047
2074,49055
2075,80956
2076,52840
2077,78241
2078,58728
2079,43442
2080,76130
2081,64845
2082,55636
2083,52970
2084,67501
2085,58562
2086,48991
2087,66400
2088,68042
2089,59569
2090,41787
2091,57801
2092,60484
2093,66496
2094,47973
2095,42700
2096,65242
2097,67533
2098,37528
2099,42066
2100,77367
2101,64512
2102,53385
2103,75111
2104,65905
2105,62842
2106,56180
2107,46464
2108,44248
2109,42180
2110,112032
2111,55126
2112,77566
2113,40861
2114,86250
2115,76957
2116,65073
2117,50095
2118,45043
2119,64101
2120,62048
2121,63762
2122,48460
2123,57683
2124,64836
2125,52223
2126,78261
2127,87787
2128,61257
2129,39800
2130,66459
2131,50468
2132,64133
2133,42688
2134,76628
2135,54267
2136,130780
2137,59246
2138,56495
2139,44058
2140,46157
2141,50825
2142,52999
2143,62956
2144,72698
2145,77297
2146,56085
2147,56219
2148,80690
2149,46433
2150,65167
2151,44720
2152,75637
2153,51751
2154,48302
2155,85596
2156,60120
2157,42288
2158,47276
2159,71751
2160,53754
2161,50970
2162,45952
2163,57528
2164,66310
2165,57865
2166,62745
2167,70544
2168,48028
2169,45988
2170,102520
2171,77992
2172,54512
2173,66749
2174,71505
2175,77400
2176,63082
2177,44928
2178,42378
2179,64658
2180,52011
2181,87812
2182,39016
2183,58683
2184,67076
2185,67137
2186,46632
2187,67877
2188,43108
2189,73091
2190,59450
2191,66615
2192,65429
2193,58845
2194,44570
2195,48972
2196,131232
2197,66667
2198,80860
2199,57059
2200,74731
2201,66508
2202,67838
2203,48697
2204,43572
2205,62113
2206,47835
2207,81424
2208,71692
2209,65395
2210,60202
2211,46452
2212,75298
2213,66162
2214,56682
2215,50922
2216,49724
2217,44674
2218,80974
2219,80540
2220,59155
2221,48958
2222,70730
2223,59262
2224,58673
2225,57405
2226,65085
2227,57316
2228,55033
2229,62894
2230,76605
2231,64931
2232,48102
2233,120792
2234,77891
2235,46333
2236,39645
2237,62453
2238,56035
2239,74360
2240,61979
2241,53632
2242,42905
2243,50058
2244,44839
2245,37312
2246,71931
2247,59429
2248,67459
2249,64149
2250,53897
2251,57665
2252,54521
2253,78292
2254,61264
2255,36950
2256,33853
2257,34685
2258,34184
2260,33988
2261,32606
2262,18000
2264,51516
2265,33853
2266,28243
2267,30994
2269,45304
2270,32596
2271,35633
2272,32910
2273,33402
2274,28320
2276,35157
2277,20938
2278,13889
2279,19969
2281,33169
2282,48857
2283,43168
2285,7927
2286,17377
2287,19525
2288,31426
2290,42529
2291,13173
2292,31976
2293,49480
2294,22900
2295,28160
2297,19546
2298,14713
2299,35264
2300,38889
2302,40209
2303,45625
2304,33303
2306,50274
2307,29167
2308,31280
2309,19102
2311,45059
2312,31924
2313,22827
2314,40132
2315,15713
2316,24624
2317,22454
2319,19037
2320,19131
2321,18236
2322,41360
2324,31771
2325,15517
2326,58634
2328,17143
2329,32350
2330,36832
2331,10375
2333,21932
2334,46824
2335,23750
2336,19273
2337,30327
2338,29881
2339,12250
2341,18132
2342,45793
2343,13889
2344,21742
2345,51945
2346,45829
2347,20479
2348,11156
2349,28313
2350,21837
2351,20225
2352,53059
2353,39394
2354,17742
2355,50562
2356,33077
2357,38108
2358,23845
2359,32937
2360,19277
2361,19426
2362,45694
2363,13778
2364,20600
2365,17327
2366,41271
2367,34394
2368,11000
2370,48693
2371,38629
2372,12466
2373,46426
2374,31639
2375,23036
2376,25385
2377,45608
2378,31154
2379,13605
2380,21228
2381,49971
2382,30404
2383,29691
2384,22280
2385,20326
2386,20787
2387,18877
2388,35110
2389,12683
2390,31078
2391,31146
2392,32353
2393,22047
2394,31461
2395,25524
2396,17401
2397,65815
2398,23337
2399,36156
2400,27955
2401,31178
2403,32326
2404,26667
2405,33542
2406,40163
2407,28654
2408,39203
2409,32122
2410,35933
2411,36800
2412,30834
2413,20513
2414,36712
2415,44016
2416,60387
2418,27543
2419,36805
2420,29810
2421,32895
2422,21298
2423,32263
2425,43618
2426,22165
2427,7529
2429,49505
2430,18124
2431,9616
2432,35946
2433,31471
2434,58432
2436,22003
2437,16848
2438,38788
2440,12084
2441,19000
2442,17962
2443,38168
2444,31364
2445,45065
2447,37641
2448,24154
2449,33802
2450,16871
2451,38996
2452,52508
2454,15843
2455,32292
2456,30278
2457,33111
2458,33438
2459,31905
2460,13721
2461,42694
2462,18112
2463,61927
2464,13693
2465,9866
2466,26676
2467,35193
2468,39188
2469,21849
2470,41177
2471,33484
2472,35900
2473,8575
2474,25914
2475,26531
2476,44445
2477,21686
2478,17592
2479,11556
2480,12756
2481,34806
2482,23557
2483,15547
2484,17648
2485,15106
2486,16289
2487,44949
2488,34819
2489,11268
2490,12802
2491,6638
2492,26809
2493,16431
2494,41667
2495,38680
2496,21719
2497,11453
2498,8175
2499,41336
2500,28077
2501,11117
2502,25287
2503,34185
2504,8812
2505,45841
2506,15054
2507,12464
2508,22737
2509,17362
2510,29566
2511,17094
2512,57056
2514,33318
2515,31591
2516,34708
2517,40466
2518,15341
2519,30405
2520,30413
2521,30405
2522,50495
2523,15169
2524,36490
2525,30477
2526,71917
2527,15478
2528,9976
2529,38954
2530,43632
2531,27143
2532,8889
2533,37892
2534,29246
2535,33538
2536,47945
2537,10051
2538,24865
2539,26209
2541,23643
2542,29384
2543,8475
2544,18519
2545,44501
2546,32723
2547,19206
2548,12000
2549,8682
2550,20152
2551,34822
2552,21686
2553,20341
2554,26447
2555,42697
2556,38001
2557,38918
2558,8462
2559,40117
2560,25041
2561,46815
2562,21124
2563,23368
2564,47844
2565,13300
2566,38236
2567,33581
2568,14875
2569,32181
2570,13410
2571,14513
2572,30273
2573,42472
2574,29167
2575,34770
2576,24773
2577,34145
2578,35334
2579,10625
2580,39425
2581,11940
2582,26473
2583,34445
2584,21734
2585,33836
2586,37500
2587,10000
2588,41380
2589,9881
2590,21364
2591,39543
2592,36968
2593,35800
2594,23201
2595,46719
2596,30114
2597,39670
2598,13874
2599,37168
2600,34832
2601,30589
2602,16931
2603,33787
2604,7362
2605,24482
2606,31858
2607,20758
2608,30869
2609,42118
2610,49917
2611,30655
2612,17356
2613,14250
2614,6742
2615,36685
2616,17049
2617,20000
2618,30450
2619,39006
2620,33330
2621,30450
2622,25406
2623,28038
2624,36762
2625,26640
2626,33147
2627,35770
2628,35466
2629,9941
2630,11000
2631,31677
2632,25573
2633,20690
2634,14508
2635,38285
2636,33889
2637,41067
2638,31132
2639,46325
2640,33698
2641,50482
2642,36765
2643,21200
2644,33147
2645,32972
2646,39674
2647,30976
2648,16631
2649,36464
2650,31302
2651,37282
2652,33708
2653,28892
2654,17858
2655,18572
2656,13914
2657,17841
2658,39831
2659,51401
2660,20455
2661,31994
2662,19602
2663,44157
2664,38083
2665,27314
2666,33803
2667,38329
2668,37191
2669,40216
2670,20690
2671,31938
2672,18572
2673,33539
2674,18486
2675,35715
2676,48102
2677,20953
2678,20052
2679,13182
2680,32907
2681,48036
2682,69627
2683,19603
2684,19000
2685,18097
2686,40465
2687,40099
2688,45919
2689,25281
2690,28117
2691,32400
2692,31766
2693,53531
2694,59131
2695,38408
2696,42977
2697,21639
2698,28462
2699,19311
2700,34256
2701,18534
2702,16586
2703,32110
2704,12821
2705,37097
2706,8538
2707,29280
2708,34495
2709,30593
2710,28866
2711,73904
2712,23213
2713,31038
2714,27308
2715,28762
2716,25672
2717,33100
2718,49723
2719,33483
2720,49854
2721,39317
2722,28589
2723,14071
2724,28047
2725,26405
2726,48963
2727,29742
2728,13729
2729,36491
2730,66247
2731,17705
2732,16462
2733,37350
2734,27587
2735,23559
2736,41650
2737,41755
2738,20920
2739,20147
2740,33918
2741,30990
2742,19173
2743,19580
2744,32822
2745,33150
2746,44706
2747,31591
2748,32387
2749,24192
2750,55866
2751,40496
2752,13410
2753,28572
2754,31717
2755,34405
2756,21839
2757,57304
2758,35910
2759,20115
2760,30026
2761,47141
2762,23637
2763,67793
2764,35304
2765,31079
2766,33417
2767,27380
2768,18027
2769,26785
2770,27914
2771,12500
2772,28989
2773,41012
2774,17529
2775,10338
2776,32955
2777,23386
2778,49706
2779,50603
2780,37550
2781,23356
2782,10568
2783,26256
2784,35500
2785,13000
2786,68622
2787,22472
2788,31097
2789,36473
2790,32334
2791,34685
2793,33985
2794,7927
2796,23125
2798,50274
2799,31280
2800,32935
2801,14764
2802,36927
2803,23672
2804,52263
2805,12250
